Surname,Name,Full Name,Email Address,Country
McIlwraith,Teodoor,Teodoor McIlwraith,tmcilwraith0@ebay.co.uk,Russia
Eccles,Concettina,Concettina Eccles,ceccles1@arstechnica.com,Yemen
Labadini,Jerome,Jerome Labadini,jlabadini2@reddit.com,France
MacEntee,Lesley,Lesley MacEntee,lmacentee3@yahoo.co.jp,China
Kindall,Skyler,Skyler Kindall,skindall4@merriam-webster.com,China
Ruck,Johnette,Johnette Ruck,jruck5@fema.gov,China
Jullian,Renate,Renate Jullian,rjullian6@wikispaces.com,Argentina
Strewther,Paola,Paola Strewther,pstrewther7@posterous.com,Spain
Kolodziej,Hanna,Hanna Kolodziej,hkolodziej8@domainmarket.com,Poland
Fone,Berget,Berget Fone,bfone9@sciencedaily.com,Indonesia
McAvinchey,Valma,Valma McAvinchey,vmcavincheya@timesonline.co.uk,East Timor
Maguire,Radcliffe,Radcliffe Maguire,rmaguireb@upenn.edu,Brazil
Gitthouse,Phillipe,Phillipe Gitthouse,pgitthousec@reddit.com,Argentina
Stainton,Vale,Vale Stainton,vstaintond@uol.com.br,United Kingdom
Arnould,Julio,Julio Arnould,jarnoulde@lycos.com,Curacao
Boon,Perkin,Perkin Boon,pboonf@fda.gov,United States
Teligin,Jenda,Jenda Teligin,jteliging@mtv.com,Portugal
Wehner,Fin,Fin Wehner,fwehnerh@bbb.org,Indonesia
Damrel,Petunia,Petunia Damrel,pdamreli@devhub.com,China
Francois,Erinn,Erinn Francois,efrancoisj@wunderground.com,Indonesia
McNelis,Hephzibah,Hephzibah McNelis,hmcnelisk@dagondesign.com,Pakistan
Montier,Loraine,Loraine Montier,lmontierl@princeton.edu,United States
Dutt,Maynard,Maynard Dutt,mduttm@t.co,Argentina
Sked,Matelda,Matelda Sked,mskedn@google.pl,China
Birtchnell,Conney,Conney Birtchnell,cbirtchnello@house.gov,Senegal
Flanders,Maiga,Maiga Flanders,mflandersp@japanpost.jp,Kenya
Pope,Nari,Nari Pope,npopeq@amazon.com,China
Reinisch,Maureen,Maureen Reinisch,mreinischr@statcounter.com,Poland
Cardoo,Brennen,Brennen Cardoo,bcardoos@google.ru,Niger
Elkins,Kaleena,Kaleena Elkins,kelkinst@statcounter.com,China
Kenright,Maegan,Maegan Kenright,mkenrightu@free.fr,China
Jendrusch,Alysia,Alysia Jendrusch,ajendruschv@msu.edu,Indonesia
Bradnock,Mechelle,Mechelle Bradnock,mbradnockw@nydailynews.com,China
Matzen,Emmet,Emmet Matzen,ematzenx@foxnews.com,Australia
Fellini,Filip,Filip Fellini,ffelliniy@si.edu,Portugal
Mathe,Pincas,Pincas Mathe,pmathez@google.de,China
Tomicki,Veradis,Veradis Tomicki,vtomicki10@mozilla.org,Poland
Wisby,Reinold,Reinold Wisby,rwisby11@simplemachines.org,China
Wermerling,Belicia,Belicia Wermerling,bwermerling12@unblog.fr,Indonesia
Wadworth,Mercie,Mercie Wadworth,mwadworth13@google.cn,Indonesia
Goodlett,Shani,Shani Goodlett,sgoodlett14@omniture.com,Poland
Spurett,Lynnett,Lynnett Spurett,lspurett15@tumblr.com,Serbia
Cawthera,Goldi,Goldi Cawthera,gcawthera16@symantec.com,Philippines
Lackington,Arni,Arni Lackington,alackington17@t-online.de,Argentina
Chittim,Agnola,Agnola Chittim,achittim18@hud.gov,Malaysia
O'Lunny,Isa,Isa O'Lunny,iolunny19@bloglovin.com,Portugal
Marriage,Tomlin,Tomlin Marriage,tmarriage1a@liveinternet.ru,China
Blees,Claudia,Claudia Blees,cblees1b@disqus.com,Russia
Linzey,Avigdor,Avigdor Linzey,alinzey1c@miitbeian.gov.cn,Portugal
Eilhersen,Port,Port Eilhersen,peilhersen1d@wiley.com,Philippines
Colam,Whitney,Whitney Colam,wcolam1e@youku.com,Nigeria
Sambals,Amanda,Amanda Sambals,asambals1f@gov.uk,Canada
Baldick,Aurelea,Aurelea Baldick,abaldick1g@dot.gov,Philippines
Madoc-Jones,Carole,Carole Madoc-Jones,cmadocjones1h@csmonitor.com,Indonesia
McIlvaney,Georgeanna,Georgeanna McIlvaney,gmcilvaney1i@example.com,Indonesia
Larkkem,Ina,Ina Larkkem,ilarkkem1j@seesaa.net,Greece
Danielsen,Guillemette,Guillemette Danielsen,gdanielsen1k@a8.net,Poland
Brockington,Drake,Drake Brockington,dbrockington1l@webs.com,Croatia
Ibbett,Sharia,Sharia Ibbett,sibbett1m@mapquest.com,Venezuela
Coppeard,Georgeanne,Georgeanne Coppeard,gcoppeard1n@rakuten.co.jp,New Zealand
Croston,Darb,Darb Croston,dcroston1o@japanpost.jp,Nepal
Daveran,Daniele,Daniele Daveran,ddaveran1p@discuz.net,Poland
Perrelli,Prince,Prince Perrelli,pperrelli1q@spiegel.de,China
Easman,Gill,Gill Easman,geasman1r@hud.gov,Greece
Oda,Silas,Silas Oda,soda1s@taobao.com,Comoros
Burrel,Stephani,Stephani Burrel,sburrel1t@mysql.com,Brazil
Sinson,Julee,Julee Sinson,jsinson1u@netlog.com,Indonesia
O'Loughane,Brandi,Brandi O'Loughane,boloughane1v@dell.com,Indonesia
Mahedy,Newton,Newton Mahedy,nmahedy1w@pinterest.com,Indonesia
Byre,Josiah,Josiah Byre,jbyre1x@nbcnews.com,China
Vido,Auroora,Auroora Vido,avido1y@weather.com,Philippines
Wallworth,Rubi,Rubi Wallworth,rwallworth1z@naver.com,Chile
Annakin,Montgomery,Montgomery Annakin,mannakin20@tmall.com,Haiti
Toman,Nanni,Nanni Toman,ntoman21@dropbox.com,China
Aim,Kyle,Kyle Aim,kaim22@alexa.com,Sudan
Knightsbridge,Frannie,Frannie Knightsbridge,fknightsbridge23@patch.com,Indonesia
Middlemist,Valentin,Valentin Middlemist,vmiddlemist24@weebly.com,Peru
O'Grogane,Dan,Dan O'Grogane,dogrogane25@abc.net.au,Comoros
Stopher,Dee,Dee Stopher,dstopher26@nhs.uk,Brazil
Tue,Marty,Marty Tue,mtue27@bravesites.com,China
Tows,Martica,Martica Tows,mtows28@usa.gov,Ukraine
Dyerson,Jacquie,Jacquie Dyerson,jdyerson29@linkedin.com,Russia
Filippo,Lorraine,Lorraine Filippo,lfilippo2a@zdnet.com,China
Chillcot,Oralla,Oralla Chillcot,ochillcot2b@samsung.com,Thailand
Tinton,Sibelle,Sibelle Tinton,stinton2c@last.fm,Indonesia
Simoni,Nanci,Nanci Simoni,nsimoni2d@ning.com,China
Bonick,Kamillah,Kamillah Bonick,kbonick2e@ocn.ne.jp,Colombia
Mattiussi,Swen,Swen Mattiussi,smattiussi2f@cisco.com,China
Hanrahan,Marta,Marta Hanrahan,mhanrahan2g@furl.net,Indonesia
Kembry,Wynn,Wynn Kembry,wkembry2h@clickbank.net,China
Kilgour,Linell,Linell Kilgour,lkilgour2i@free.fr,China
Bram,Janos,Janos Bram,jbram2j@gravatar.com,Morocco
Hadcroft,Tobi,Tobi Hadcroft,thadcroft2k@github.com,North Korea
McCarlich,Boycie,Boycie McCarlich,bmccarlich2l@sakura.ne.jp,Japan
Camois,Hashim,Hashim Camois,hcamois2m@odnoklassniki.ru,Armenia
Naper,Claudius,Claudius Naper,cnaper2n@dedecms.com,Japan
Jeandel,Kynthia,Kynthia Jeandel,kjeandel2o@cisco.com,Poland
Ambroix,Gardie,Gardie Ambroix,gambroix2p@upenn.edu,China
Slipper,Normie,Normie Slipper,nslipper2q@weebly.com,Russia
Ayliffe,Godfry,Godfry Ayliffe,gayliffe2r@buzzfeed.com,Afghanistan
Fenich,Philippa,Philippa Fenich,pfenich2s@stanford.edu,Poland
Parfett,Joby,Joby Parfett,jparfett2t@odnoklassniki.ru,Kazakhstan
Feighry,Charo,Charo Feighry,cfeighry2u@cnet.com,Israel
Cramphorn,Aldo,Aldo Cramphorn,acramphorn2v@goo.gl,China
Aynscombe,Sigismondo,Sigismondo Aynscombe,saynscombe2w@gov.uk,China
Ackenhead,Thadeus,Thadeus Ackenhead,tackenhead2x@google.com.br,Brazil
Loveredge,Mohandas,Mohandas Loveredge,mloveredge2y@nasa.gov,Poland
Eskrigg,Edwin,Edwin Eskrigg,eeskrigg2z@dagondesign.com,Indonesia
Eastman,Lee,Lee Eastman,leastman30@issuu.com,Ukraine
Critzen,Jilly,Jilly Critzen,jcritzen31@dyndns.org,Pakistan
Ayliff,Marabel,Marabel Ayliff,mayliff32@berkeley.edu,Kazakhstan
Halburton,Jennine,Jennine Halburton,jhalburton33@tuttocitta.it,Nigeria
Dallas,Joshia,Joshia Dallas,jdallas34@cloudflare.com,Vietnam
Farnhill,Thacher,Thacher Farnhill,tfarnhill35@npr.org,Croatia
Reveley,Addi,Addi Reveley,areveley36@weebly.com,China
Brame,Ole,Ole Brame,obrame37@usnews.com,China
Syddon,Beth,Beth Syddon,bsyddon38@howstuffworks.com,Brazil
Smail,Franny,Franny Smail,fsmail39@addtoany.com,Brazil
Grzesiewicz,Frederique,Frederique Grzesiewicz,fgrzesiewicz3a@tinyurl.com,Indonesia
Jollie,Jayme,Jayme Jollie,jjollie3b@discovery.com,Indonesia
Abramowsky,Robyn,Robyn Abramowsky,rabramowsky3c@mysql.com,Russia
Barlace,Kerri,Kerri Barlace,kbarlace3d@hc360.com,Indonesia
Treeby,Louisa,Louisa Treeby,ltreeby3e@sbwire.com,Bolivia
Marlen,Lauretta,Lauretta Marlen,lmarlen3f@marketwatch.com,Russia
Salzen,Ham,Ham Salzen,hsalzen3g@engadget.com,Indonesia
Aysh,Jeri,Jeri Aysh,jaysh3h@github.io,United States
Jiroutka,Lise,Lise Jiroutka,ljiroutka3i@twitter.com,United States
Scrine,Orelia,Orelia Scrine,oscrine3j@forbes.com,Democratic Republic of the Congo
Lorriman,Shanie,Shanie Lorriman,slorriman3k@smugmug.com,Russia
Medwell,Karna,Karna Medwell,kmedwell3l@illinois.edu,Czech Republic
Biaggi,Luciano,Luciano Biaggi,lbiaggi3m@studiopress.com,China
Francom,Lissy,Lissy Francom,lfrancom3n@nytimes.com,Philippines
Romer,Caz,Caz Romer,cromer3o@ox.ac.uk,Iran
Sparey,Pooh,Pooh Sparey,psparey3p@umn.edu,Russia
Possa,Orran,Orran Possa,opossa3q@etsy.com,Hungary
Darker,Margarethe,Margarethe Darker,mdarker3r@who.int,Indonesia
Shipperbottom,Lily,Lily Shipperbottom,lshipperbottom3s@qq.com,Serbia
Seaman,Garey,Garey Seaman,gseaman3t@meetup.com,Brazil
Weller,Meara,Meara Weller,mweller3u@apple.com,Sweden
Manilove,Ode,Ode Manilove,omanilove3v@gizmodo.com,Poland
Duesbury,Israel,Israel Duesbury,iduesbury3w@imgur.com,China
Fullick,Itch,Itch Fullick,ifullick3x@photobucket.com,China
Kneel,Karel,Karel Kneel,kkneel3y@last.fm,Brazil
Boater,Mae,Mae Boater,mboater3z@timesonline.co.uk,Mexico
Lasslett,Corette,Corette Lasslett,classlett40@ftc.gov,Afghanistan
Ainger,Nola,Nola Ainger,nainger41@bloglovin.com,Afghanistan
Godin,Rudiger,Rudiger Godin,rgodin42@unicef.org,Cambodia
Drewry,Larry,Larry Drewry,ldrewry43@dyndns.org,Colombia
Mowlam,Alessandro,Alessandro Mowlam,amowlam44@nationalgeographic.com,Grenada
Wharf,Reggis,Reggis Wharf,rwharf45@webs.com,Honduras
Sterke,Lydia,Lydia Sterke,lsterke46@about.com,Poland
McAster,Elysee,Elysee McAster,emcaster47@sciencedirect.com,Peru
Moody,Lay,Lay Moody,lmoody48@statcounter.com,Indonesia
Nyland,Melania,Melania Nyland,mnyland49@shop-pro.jp,Indonesia
Cluff,Michael,Michael Cluff,mcluff4a@reddit.com,Dominican Republic
Silk,Kevyn,Kevyn Silk,ksilk4b@wunderground.com,Malaysia
Schott,Ronnie,Ronnie Schott,rschott4c@addtoany.com,Ukraine
Powland,Kent,Kent Powland,kpowland4d@mayoclinic.com,Cyprus
Burcher,Gery,Gery Burcher,gburcher4e@gizmodo.com,Philippines
Merrikin,Darrel,Darrel Merrikin,dmerrikin4f@ebay.com,Russia
Verheijden,Fonsie,Fonsie Verheijden,fverheijden4g@indiegogo.com,Indonesia
Bagster,Laney,Laney Bagster,lbagster4h@berkeley.edu,Gambia
Dacombe,Mirabelle,Mirabelle Dacombe,mdacombe4i@friendfeed.com,Philippines
Pickaver,Elva,Elva Pickaver,epickaver4j@imdb.com,Brazil
Forson,Jewell,Jewell Forson,jforson4k@comcast.net,Brazil
Pettisall,Marty,Marty Pettisall,mpettisall4l@economist.com,Russia
Seer,Gertrudis,Gertrudis Seer,gseer4m@pbs.org,Malaysia
McOwan,Ossie,Ossie McOwan,omcowan4n@fc2.com,China
Brookfield,Markus,Markus Brookfield,mbrookfield4o@abc.net.au,Thailand
Bulled,Leora,Leora Bulled,lbulled4p@zimbio.com,Indonesia
Scales,Zondra,Zondra Scales,zscales4q@webnode.com,Portugal
Sailor,Bentlee,Bentlee Sailor,bsailor4r@ftc.gov,Gabon
Kershaw,Findlay,Findlay Kershaw,fkershaw4s@cnn.com,Poland
Ungaretti,Waneta,Waneta Ungaretti,wungaretti4t@eventbrite.com,Mexico
Euels,Roseanna,Roseanna Euels,reuels4u@merriam-webster.com,Malta
Tiron,Rosanna,Rosanna Tiron,rtiron4v@nsw.gov.au,Mongolia
Matanin,Blaine,Blaine Matanin,bmatanin4w@photobucket.com,China
Chasier,Valera,Valera Chasier,vchasier4x@ca.gov,Faroe Islands
Revington,Delphine,Delphine Revington,drevington4y@newyorker.com,Afghanistan
Mallard,Vinson,Vinson Mallard,vmallard4z@pcworld.com,China
Cockill,Junette,Junette Cockill,jcockill50@narod.ru,Indonesia
Toyer,Felicdad,Felicdad Toyer,ftoyer51@123-reg.co.uk,Russia
Sketh,Angelique,Angelique Sketh,asketh52@fastcompany.com,Peru
Poncet,Greer,Greer Poncet,gponcet53@engadget.com,France
Fawthrop,Kay,Kay Fawthrop,kfawthrop54@admin.ch,Angola
Gravet,Davy,Davy Gravet,dgravet55@technorati.com,United States
Grafom,Fredrika,Fredrika Grafom,fgrafom56@paypal.com,Pakistan
Coatham,Raul,Raul Coatham,rcoatham57@wisc.edu,Portugal
Workman,Berri,Berri Workman,bworkman58@nydailynews.com,China
Cuzen,Maximo,Maximo Cuzen,mcuzen59@ihg.com,China
Oxnam,Danette,Danette Oxnam,doxnam5a@mozilla.org,Czech Republic
Bartosch,Frieda,Frieda Bartosch,fbartosch5b@linkedin.com,Germany
MacElroy,Willa,Willa MacElroy,wmacelroy5c@a8.net,Poland
Gorden,Jarret,Jarret Gorden,jgorden5d@zimbio.com,Greece
Gomez,Winnifred,Winnifred Gomez,wgomez5e@hexun.com,Russia
Haysman,Charline,Charline Haysman,chaysman5f@usa.gov,Honduras
Yair,Gabbey,Gabbey Yair,gyair5g@icq.com,China
Webling,Justino,Justino Webling,jwebling5h@dropbox.com,Iran
De Nisco,Aluin,Aluin De Nisco,ade5i@samsung.com,China
Godley,Ciro,Ciro Godley,cgodley5j@phpbb.com,Portugal
Eades,Barb,Barb Eades,beades5k@ask.com,Czech Republic
Reinbeck,Tessi,Tessi Reinbeck,treinbeck5l@usatoday.com,Russia
Eggleston,Guendolen,Guendolen Eggleston,geggleston5m@jiathis.com,Indonesia
Aleksandrov,Evanne,Evanne Aleksandrov,ealeksandrov5n@artisteer.com,China
Corssen,Minerva,Minerva Corssen,mcorssen5o@diigo.com,Sweden
Lasty,Chaddy,Chaddy Lasty,clasty5p@hostgator.com,Indonesia
Mayall,Theodoric,Theodoric Mayall,tmayall5q@tinypic.com,Malaysia
Gavaghan,Marcel,Marcel Gavaghan,mgavaghan5r@123-reg.co.uk,Slovenia
Middlewick,Gabey,Gabey Middlewick,gmiddlewick5s@abc.net.au,China
Jepp,Jessa,Jessa Jepp,jjepp5t@miitbeian.gov.cn,Indonesia
Bau,Roselia,Roselia Bau,rbau5u@harvard.edu,Micronesia
Deroche,Mada,Mada Deroche,mderoche5v@123-reg.co.uk,Indonesia
Picken,Merrel,Merrel Picken,mpicken5w@google.com.br,Poland
Tournay,Debby,Debby Tournay,dtournay5x@nba.com,Poland
Haruard,Gene,Gene Haruard,gharuard5y@phoca.cz,Philippines
Pryell,Gregoor,Gregoor Pryell,gpryell5z@yellowpages.com,Vietnam
Bugg,Ferguson,Ferguson Bugg,fbugg60@vk.com,Nigeria
Upjohn,Mary,Mary Upjohn,mupjohn61@mlb.com,Kenya
D'Antonio,Jedediah,Jedediah D'Antonio,jdantonio62@cnbc.com,Yemen
Hemerijk,Cicily,Cicily Hemerijk,chemerijk63@hugedomains.com,Japan
Greschke,Marthena,Marthena Greschke,mgreschke64@ask.com,China
Ulyatt,Ward,Ward Ulyatt,wulyatt65@spiegel.de,France
Arrowsmith,Igor,Igor Arrowsmith,iarrowsmith66@nih.gov,Indonesia
Stivani,Estrella,Estrella Stivani,estivani67@technorati.com,Portugal
Lampert,Wain,Wain Lampert,wlampert68@digg.com,Thailand
Mingardi,Artie,Artie Mingardi,amingardi69@si.edu,Russia
Dovey,Gilberta,Gilberta Dovey,gdovey6a@qq.com,Russia
Petherick,Alf,Alf Petherick,apetherick6b@howstuffworks.com,Indonesia
Peres,Harmony,Harmony Peres,hperes6c@furl.net,Poland
Staneland,Ira,Ira Staneland,istaneland6d@slashdot.org,Chile
Scutt,Franzen,Franzen Scutt,fscutt6e@smugmug.com,Honduras
Moore,Benyamin,Benyamin Moore,bmoore6f@cafepress.com,China
Fundell,Beitris,Beitris Fundell,bfundell6g@ebay.co.uk,China
Foort,Thorin,Thorin Foort,tfoort6h@unblog.fr,China
Tidd,Wells,Wells Tidd,wtidd6i@sogou.com,Thailand
Fayerman,Dareen,Dareen Fayerman,dfayerman6j@vistaprint.com,Philippines
Penton,Grenville,Grenville Penton,gpenton6k@mashable.com,Indonesia
Siddle,Abby,Abby Siddle,asiddle6l@angelfire.com,Brazil
Smalcombe,Pip,Pip Smalcombe,psmalcombe6m@jugem.jp,Portugal
Bruhke,Gloria,Gloria Bruhke,gbruhke6n@illinois.edu,Russia
Blint,Lilia,Lilia Blint,lblint6o@soundcloud.com,Nicaragua
Welberry,Barbette,Barbette Welberry,bwelberry6p@jugem.jp,Philippines
Foster-Smith,Axel,Axel Foster-Smith,afostersmith6q@comsenz.com,Sweden
MacFadyen,Melodie,Melodie MacFadyen,mmacfadyen6r@wired.com,Greece
Jelk,Ricca,Ricca Jelk,rjelk6s@github.com,Sri Lanka
Ludee,Hermann,Hermann Ludee,hludee6t@nationalgeographic.com,Greece
Zavittieri,Freddie,Freddie Zavittieri,fzavittieri6u@yolasite.com,China
Ossulton,Vivyanne,Vivyanne Ossulton,vossulton6v@jigsy.com,Philippines
Bewley,Zabrina,Zabrina Bewley,zbewley6w@hugedomains.com,China
Kelmere,Trueman,Trueman Kelmere,tkelmere6x@globo.com,Sri Lanka
Dowse,Annalise,Annalise Dowse,adowse6y@aboutads.info,France
Minshull,Geri,Geri Minshull,gminshull6z@imageshack.us,Japan
Benzies,Becki,Becki Benzies,bbenzies70@timesonline.co.uk,Serbia
Vasilmanov,Allyce,Allyce Vasilmanov,avasilmanov71@yale.edu,China
Clapison,Blondie,Blondie Clapison,bclapison72@yelp.com,Cuba
Schops,Karlyn,Karlyn Schops,kschops73@shutterfly.com,Russia
Dumper,Rosabella,Rosabella Dumper,rdumper74@google.nl,Peru
Peart,Geoffry,Geoffry Peart,gpeart75@amazon.co.uk,Brazil
Songust,Shaine,Shaine Songust,ssongust76@ucla.edu,Canada
Baudacci,Cammi,Cammi Baudacci,cbaudacci77@discovery.com,Lithuania
De La Salle,Evonne,Evonne De La Salle,ede78@imgur.com,China
Daenen,Neddy,Neddy Daenen,ndaenen79@t-online.de,China
Simester,Iver,Iver Simester,isimester7a@live.com,Philippines
Stobbe,Lezlie,Lezlie Stobbe,lstobbe7b@soundcloud.com,Belarus
Durtnell,Barb,Barb Durtnell,bdurtnell7c@mediafire.com,Czech Republic
Megainey,Yolanthe,Yolanthe Megainey,ymegainey7d@geocities.com,China
Schechter,Julee,Julee Schechter,jschechter7e@independent.co.uk,Sweden
Briton,Walton,Walton Briton,wbriton7f@yandex.ru,Ireland
Jerzak,Kathleen,Kathleen Jerzak,kjerzak7g@drupal.org,France
Queenborough,Farrel,Farrel Queenborough,fqueenborough7h@123-reg.co.uk,Afghanistan
Cutmare,Lanny,Lanny Cutmare,lcutmare7i@oaic.gov.au,Morocco
Bullen,Alethea,Alethea Bullen,abullen7j@infoseek.co.jp,China
Fransoni,Spenser,Spenser Fransoni,sfransoni7k@wunderground.com,China
Tatem,Charline,Charline Tatem,ctatem7l@slashdot.org,Greece
Privost,Ewart,Ewart Privost,eprivost7m@php.net,Brazil
Busson,Wilona,Wilona Busson,wbusson7n@salon.com,Hungary
Tuttiett,Holmes,Holmes Tuttiett,htuttiett7o@digg.com,Bosnia and Herzegovina
Duckham,Roxi,Roxi Duckham,rduckham7p@walmart.com,Israel
Howselee,Emlynn,Emlynn Howselee,ehowselee7q@patch.com,Brazil
Chisman,Nickolai,Nickolai Chisman,nchisman7r@merriam-webster.com,Czech Republic
Pembridge,Gawen,Gawen Pembridge,gpembridge7s@discovery.com,United States
Addyman,Tamarah,Tamarah Addyman,taddyman7t@issuu.com,China
Ord,Jillayne,Jillayne Ord,jord7u@github.com,United States
Gerwood,Niles,Niles Gerwood,ngerwood7v@archive.org,China
Pope,Batsheva,Batsheva Pope,bpope7w@networksolutions.com,Philippines
Bellee,Jere,Jere Bellee,jbellee7x@sitemeter.com,Tuvalu
Wheatland,Wallie,Wallie Wheatland,wwheatland7y@opensource.org,Indonesia
Pesticcio,Malynda,Malynda Pesticcio,mpesticcio7z@instagram.com,Hungary
Shovell,Alwyn,Alwyn Shovell,ashovell80@fda.gov,Swaziland
Haggidon,Bernie,Bernie Haggidon,bhaggidon81@pinterest.com,Indonesia
Lowings,Beatriz,Beatriz Lowings,blowings82@wired.com,Portugal
Lovett,Charita,Charita Lovett,clovett83@skyrock.com,Jordan
Doerling,Saw,Saw Doerling,sdoerling84@marketwatch.com,Poland
Mauser,Anderson,Anderson Mauser,amauser85@weather.com,Pakistan
Tourot,Valenka,Valenka Tourot,vtourot86@wired.com,Poland
Schirok,Giana,Giana Schirok,gschirok87@dagondesign.com,Japan
Heathorn,Orly,Orly Heathorn,oheathorn88@patch.com,China
Andreone,Dulcie,Dulcie Andreone,dandreone89@ox.ac.uk,China
Nequest,Riccardo,Riccardo Nequest,rnequest8a@google.it,Mongolia
Cartmer,Cathrin,Cathrin Cartmer,ccartmer8b@alibaba.com,China
Dencs,Urbain,Urbain Dencs,udencs8c@yellowpages.com,Ethiopia
Verner,Arvie,Arvie Verner,averner8d@washington.edu,United States
Boeck,Alan,Alan Boeck,aboeck8e@wikipedia.org,Portugal
Horstead,Karil,Karil Horstead,khorstead8f@oaic.gov.au,Uruguay
Gildea,Rory,Rory Gildea,rgildea8g@seattletimes.com,Colombia
Durand,Tull,Tull Durand,tdurand8h@state.gov,Portugal
Domingues,Katerine,Katerine Domingues,kdomingues8i@bing.com,Indonesia
Fley,Rhett,Rhett Fley,rfley8j@yellowbook.com,Jordan
Itscovitz,Joye,Joye Itscovitz,jitscovitz8k@netvibes.com,Indonesia
Rankcom,Halsy,Halsy Rankcom,hrankcom8l@deliciousdays.com,Greece
Sexon,Dollie,Dollie Sexon,dsexon8m@vkontakte.ru,France
Bryden,Tybalt,Tybalt Bryden,tbryden8n@friendfeed.com,Indonesia
Halford,Beck,Beck Halford,bhalford8o@ycombinator.com,Philippines
Brymner,Rayshell,Rayshell Brymner,rbrymner8p@tamu.edu,Ukraine
Blamey,Coleen,Coleen Blamey,cblamey8q@php.net,Nigeria
Ive,Archer,Archer Ive,aive8r@nytimes.com,Portugal
Groll,Artemis,Artemis Groll,agroll8s@fema.gov,Ecuador
Tribble,Mariette,Mariette Tribble,mtribble8t@amazonaws.com,Philippines
Behne,Joyce,Joyce Behne,jbehne8u@eventbrite.com,Poland
Ottery,Audie,Audie Ottery,aottery8v@businesswire.com,Bulgaria
Axcel,Waldo,Waldo Axcel,waxcel8w@gmpg.org,Argentina
McHarry,Lefty,Lefty McHarry,lmcharry8x@uol.com.br,Colombia
Ashpital,Heall,Heall Ashpital,hashpital8y@toplist.cz,Peru
Yerrall,Ezekiel,Ezekiel Yerrall,eyerrall8z@cdc.gov,Ukraine
Coultard,Dallas,Dallas Coultard,dcoultard90@nps.gov,Macedonia
Atthow,Yardley,Yardley Atthow,yatthow91@fotki.com,Equatorial Guinea
Raven,Liz,Liz Raven,lraven92@so-net.ne.jp,Indonesia
Nilles,Kalina,Kalina Nilles,knilles93@jugem.jp,Philippines
Stockport,Stafford,Stafford Stockport,sstockport94@cmu.edu,Poland
Pinwell,Abigael,Abigael Pinwell,apinwell95@omniture.com,Indonesia
Dober,Jobi,Jobi Dober,jdober96@cnet.com,China
Norwich,Wash,Wash Norwich,wnorwich97@photobucket.com,United States
McGucken,Kamillah,Kamillah McGucken,kmcgucken98@cargocollective.com,Spain
Rathjen,Paige,Paige Rathjen,prathjen99@twitpic.com,Argentina
Leidl,Phylys,Phylys Leidl,pleidl9a@biblegateway.com,Ukraine
Chmiel,Clarine,Clarine Chmiel,cchmiel9b@google.de,Sweden
Izakof,Murdoch,Murdoch Izakof,mizakof9c@stanford.edu,United States
Fieller,Roxine,Roxine Fieller,rfieller9d@nydailynews.com,North Korea
Meaker,Jilleen,Jilleen Meaker,jmeaker9e@guardian.co.uk,Indonesia
Ismead,Myrta,Myrta Ismead,mismead9f@biblegateway.com,United States
Phippin,Harlin,Harlin Phippin,hphippin9g@google.pl,Chile
Nurden,Lezley,Lezley Nurden,lnurden9h@yale.edu,Portugal
Maxfield,Albertina,Albertina Maxfield,amaxfield9i@nifty.com,Croatia
Gilligan,Robenia,Robenia Gilligan,rgilligan9j@businesswire.com,Tanzania
L'Hommeau,Stanly,Stanly L'Hommeau,slhommeau9k@nps.gov,Indonesia
Taunton,Giorgio,Giorgio Taunton,gtaunton9l@youtu.be,China
Ashwin,Herculie,Herculie Ashwin,hashwin9m@nbcnews.com,Hungary
Nulty,Demetra,Demetra Nulty,dnulty9n@vinaora.com,China
Kirley,Link,Link Kirley,lkirley9o@istockphoto.com,Peru
Lehrahan,Elden,Elden Lehrahan,elehrahan9p@uol.com.br,China
Keating,Darryl,Darryl Keating,dkeating9q@omniture.com,Guatemala
Feldberger,Isabelle,Isabelle Feldberger,ifeldberger9r@yahoo.co.jp,Cameroon
Jagielski,Cookie,Cookie Jagielski,cjagielski9s@independent.co.uk,Madagascar
Greneham,Myrlene,Myrlene Greneham,mgreneham9t@artisteer.com,Canada
Tutt,Thacher,Thacher Tutt,ttutt9u@exblog.jp,Myanmar
Treven,Chastity,Chastity Treven,ctreven9v@scribd.com,Greece
Plenderleith,Kalindi,Kalindi Plenderleith,kplenderleith9w@studiopress.com,China
Corroyer,Edin,Edin Corroyer,ecorroyer9x@icq.com,Peru
Sayers,Stinky,Stinky Sayers,ssayers9y@ameblo.jp,China
Reddecliffe,Doe,Doe Reddecliffe,dreddecliffe9z@google.ca,Netherlands
Erswell,Torrey,Torrey Erswell,terswella0@hatena.ne.jp,Nigeria
Lortz,Frances,Frances Lortz,flortza1@w3.org,China
Oleszkiewicz,Adela,Adela Oleszkiewicz,aoleszkiewicza2@howstuffworks.com,Brazil
Cardall,Lefty,Lefty Cardall,lcardalla3@seesaa.net,China
Staziker,Celie,Celie Staziker,cstazikera4@bloglovin.com,Poland
Zoanetti,Ilyse,Ilyse Zoanetti,izoanettia5@webnode.com,China
Eagan,Fina,Fina Eagan,feagana6@howstuffworks.com,Colombia
Glendining,Elyse,Elyse Glendining,eglendininga7@un.org,Philippines
Seagar,Charis,Charis Seagar,cseagara8@linkedin.com,Poland
Henworth,Ricca,Ricca Henworth,rhenwortha9@vinaora.com,Canada
Cornbell,Oran,Oran Cornbell,ocornbellaa@paypal.com,Dominican Republic
Garwood,Phoebe,Phoebe Garwood,pgarwoodab@ifeng.com,Yemen
Ginglell,Abe,Abe Ginglell,aginglellac@istockphoto.com,China
Pimmocke,Jolene,Jolene Pimmocke,jpimmockead@alexa.com,Russia
Twigge,Merwyn,Merwyn Twigge,mtwiggeae@seesaa.net,Nigeria
Smeed,Kaycee,Kaycee Smeed,ksmeedaf@independent.co.uk,China
Mousley,Yancey,Yancey Mousley,ymousleyag@cafepress.com,Tajikistan
Klimes,Bradley,Bradley Klimes,bklimesah@yale.edu,Indonesia
Defraine,Darn,Darn Defraine,ddefraineai@oracle.com,Portugal
Ballingal,Ulric,Ulric Ballingal,uballingalaj@liveinternet.ru,Ukraine
Bettaney,Reena,Reena Bettaney,rbettaneyak@whitehouse.gov,China
Key,Tami,Tami Key,tkeyal@mit.edu,Greece
Dudgeon,Zia,Zia Dudgeon,zdudgeonam@globo.com,Colombia
De Carlo,Marissa,Marissa De Carlo,mdean@sohu.com,Indonesia
Harlett,Tersina,Tersina Harlett,tharlettao@nytimes.com,China
Ranklin,Allsun,Allsun Ranklin,aranklinap@nydailynews.com,Indonesia
Le Blanc,Masha,Masha Le Blanc,mleaq@washington.edu,Saudi Arabia
Thrussell,Tabor,Tabor Thrussell,tthrussellar@admin.ch,Philippines
Whotton,Sloane,Sloane Whotton,swhottonas@cbslocal.com,Czech Republic
Beert,Francesco,Francesco Beert,fbeertat@buzzfeed.com,Central African Republic
Kensley,Hillary,Hillary Kensley,hkensleyau@wired.com,Indonesia
Skylett,Chloe,Chloe Skylett,cskylettav@si.edu,Philippines
Victor,Audrye,Audrye Victor,avictoraw@fema.gov,Russia
Hanney,Kikelia,Kikelia Hanney,khanneyax@tinypic.com,Costa Rica
Witten,Hoebart,Hoebart Witten,hwittenay@hao123.com,China
Sirr,Isidore,Isidore Sirr,isirraz@amazon.de,China
Eynon,Brenden,Brenden Eynon,beynonb0@a8.net,United States
Bunce,Sharyl,Sharyl Bunce,sbunceb1@chronoengine.com,China
Itschakov,Orsa,Orsa Itschakov,oitschakovb2@canalblog.com,Brazil
Partkya,Reggie,Reggie Partkya,rpartkyab3@uiuc.edu,Spain
Jay,Lucita,Lucita Jay,ljayb4@independent.co.uk,Greece
Yearne,Adrien,Adrien Yearne,ayearneb5@fema.gov,Indonesia
Jouannot,Devinne,Devinne Jouannot,djouannotb6@bluehost.com,Indonesia
Stoke,Lazaro,Lazaro Stoke,lstokeb7@ifeng.com,Indonesia
Filchakov,Salim,Salim Filchakov,sfilchakovb8@biblegateway.com,Yemen
Rennocks,Susy,Susy Rennocks,srennocksb9@chron.com,Morocco
Pennacci,Gwendolin,Gwendolin Pennacci,gpennacciba@nps.gov,Malaysia
Waterland,Gaston,Gaston Waterland,gwaterlandbb@hatena.ne.jp,Philippines
Gossipin,Marilee,Marilee Gossipin,mgossipinbc@state.tx.us,Ivory Coast
Comport,Stillmann,Stillmann Comport,scomportbd@amazon.co.jp,Poland
Lymbourne,Merv,Merv Lymbourne,mlymbournebe@multiply.com,China
Marner,Godwin,Godwin Marner,gmarnerbf@army.mil,Pakistan
Skryne,Kattie,Kattie Skryne,kskrynebg@bravesites.com,China
Bicker,Leonora,Leonora Bicker,lbickerbh@fotki.com,Indonesia
Fitt,Juieta,Juieta Fitt,jfittbi@java.com,Poland
Bowshire,Katee,Katee Bowshire,kbowshirebj@loc.gov,Poland
Gronno,Petrina,Petrina Gronno,pgronnobk@sina.com.cn,Portugal
Darnbrook,Stephanus,Stephanus Darnbrook,sdarnbrookbl@scribd.com,Indonesia
Belvard,Jammal,Jammal Belvard,jbelvardbm@phoca.cz,Iran
Smeal,Andeee,Andeee Smeal,asmealbn@mapquest.com,Russia
Sherrard,Victoir,Victoir Sherrard,vsherrardbo@theguardian.com,Ukraine
Andre,Junia,Junia Andre,jandrebp@smugmug.com,Portugal
Treen,Lonee,Lonee Treen,ltreenbq@wired.com,China
Ross,Modestia,Modestia Ross,mrossbr@dot.gov,Vietnam
Arsmith,Carmella,Carmella Arsmith,carsmithbs@forbes.com,Japan
Lovitt,Ede,Ede Lovitt,elovittbt@51.la,Philippines
Coils,Kahlil,Kahlil Coils,kcoilsbu@nydailynews.com,United States
Elwood,Livy,Livy Elwood,lelwoodbv@ca.gov,Indonesia
Karlowicz,Artie,Artie Karlowicz,akarlowiczbw@wikimedia.org,Mexico
Balling,Erinna,Erinna Balling,eballingbx@google.ru,Russia
Batkin,Giacomo,Giacomo Batkin,gbatkinby@state.tx.us,China
Rodolico,Bertha,Bertha Rodolico,brodolicobz@lycos.com,Honduras
Heatley,Crystie,Crystie Heatley,cheatleyc0@goo.gl,Sweden
Mariault,Axe,Axe Mariault,amariaultc1@freewebs.com,Finland
Paumier,Hurley,Hurley Paumier,hpaumierc2@pinterest.com,Japan
Bewick,Gelya,Gelya Bewick,gbewickc3@marketwatch.com,China
Chrippes,Star,Star Chrippes,schrippesc4@blinklist.com,Ukraine
Vallack,Fields,Fields Vallack,fvallackc5@timesonline.co.uk,France
Braikenridge,Dorian,Dorian Braikenridge,dbraikenridgec6@xing.com,Austria
Ollerhead,Baxter,Baxter Ollerhead,bollerheadc7@salon.com,Nigeria
Marjanovic,Samson,Samson Marjanovic,smarjanovicc8@merriam-webster.com,Indonesia
Dundredge,Micki,Micki Dundredge,mdundredgec9@amazon.com,Czech Republic
Rowling,Giraldo,Giraldo Rowling,growlingca@abc.net.au,Russia
Sharply,Fidela,Fidela Sharply,fsharplycb@weebly.com,Saudi Arabia
Madoc-Jones,Lindon,Lindon Madoc-Jones,lmadocjonescc@addthis.com,Ukraine
Ewestace,Ofelia,Ofelia Ewestace,oewestacecd@rambler.ru,Russia
Hulatt,Othilie,Othilie Hulatt,ohulattce@liveinternet.ru,Mexico
Watsam,Hermy,Hermy Watsam,hwatsamcf@accuweather.com,Canada
Tune,Trevor,Trevor Tune,ttunecg@sciencedaily.com,United States
Arrault,Doroteya,Doroteya Arrault,darraultch@nps.gov,Spain
Solomonides,Aylmer,Aylmer Solomonides,asolomonidesci@i2i.jp,Kazakhstan
Lifton,Delores,Delores Lifton,dliftoncj@cloudflare.com,Indonesia
Cooke,Amber,Amber Cooke,acookeck@blogs.com,Indonesia
Hixson,Delano,Delano Hixson,dhixsoncl@google.co.jp,China
Stovold,Shirley,Shirley Stovold,sstovoldcm@ustream.tv,Nigeria
Pinfold,Shina,Shina Pinfold,spinfoldcn@homestead.com,Canada
Duncan,Bess,Bess Duncan,bduncanco@cdc.gov,Guatemala
Mundee,Horace,Horace Mundee,hmundeecp@mlb.com,China
Tole,Adolph,Adolph Tole,atolecq@devhub.com,Iran
Garfoot,Harriet,Harriet Garfoot,hgarfootcr@trellian.com,Poland
Heaney`,Janaye,Janaye Heaney`,jheaneycs@boston.com,Sweden
Ottley,Darrelle,Darrelle Ottley,dottleyct@utexas.edu,Colombia
Wasiela,Davine,Davine Wasiela,dwasielacu@hc360.com,Thailand
Skeleton,Orbadiah,Orbadiah Skeleton,oskeletoncv@bloomberg.com,Indonesia
Lince,Onida,Onida Lince,olincecw@paypal.com,Lithuania
Bubbear,Aldo,Aldo Bubbear,abubbearcx@ask.com,South Africa
Scoone,Ava,Ava Scoone,ascoonecy@telegraph.co.uk,Czech Republic
MacNeilage,Maxim,Maxim MacNeilage,mmacneilagecz@theatlantic.com,Pakistan
Upward,Brendon,Brendon Upward,bupwardd0@hibu.com,Indonesia
Elgee,Erek,Erek Elgee,eelgeed1@arizona.edu,Ukraine
Angerstein,Gaspard,Gaspard Angerstein,gangersteind2@wikia.com,China
Balaison,Ase,Ase Balaison,abalaisond3@networkadvertising.org,Tanzania
Vanne,Peg,Peg Vanne,pvanned4@businessinsider.com,France
Pollins,Taber,Taber Pollins,tpollinsd5@xrea.com,Brazil
Saffin,Selle,Selle Saffin,ssaffind6@ehow.com,Ethiopia
McGlew,Idalia,Idalia McGlew,imcglewd7@ucsd.edu,Togo
Mahaddy,Maddy,Maddy Mahaddy,mmahaddyd8@blogspot.com,Russia
Toye,Ludovika,Ludovika Toye,ltoyed9@berkeley.edu,Indonesia
Baltrushaitis,Scot,Scot Baltrushaitis,sbaltrushaitisda@indiatimes.com,Ireland
Roberts,Ezmeralda,Ezmeralda Roberts,erobertsdb@fda.gov,Indonesia
Crosham,Carilyn,Carilyn Crosham,ccroshamdc@phpbb.com,Argentina
Milberry,Angil,Angil Milberry,amilberrydd@bizjournals.com,South Africa
Heselwood,Morissa,Morissa Heselwood,mheselwoodde@netvibes.com,Indonesia
Batistelli,Baldwin,Baldwin Batistelli,bbatistellidf@delicious.com,China
Spear,Sascha,Sascha Spear,sspeardg@whitehouse.gov,United States
Dailey,Delmer,Delmer Dailey,ddaileydh@seattletimes.com,Indonesia
Osichev,Bee,Bee Osichev,bosichevdi@joomla.org,China
Mottini,Antons,Antons Mottini,amottinidj@nih.gov,Morocco
Eddolls,Feliza,Feliza Eddolls,feddollsdk@bloomberg.com,Pakistan
Meddemmen,Al,Al Meddemmen,ameddemmendl@irs.gov,Russia
Peiser,Lusa,Lusa Peiser,lpeiserdm@craigslist.org,Guadeloupe
Lanphier,Kimble,Kimble Lanphier,klanphierdn@buzzfeed.com,Sweden
Songest,Alphonse,Alphonse Songest,asongestdo@myspace.com,China
Bufton,Yul,Yul Bufton,ybuftondp@discovery.com,South Korea
Masselin,Dorrie,Dorrie Masselin,dmasselindq@parallels.com,China
Castanares,Blaine,Blaine Castanares,bcastanaresdr@usatoday.com,United States
Shury,Louie,Louie Shury,lshuryds@merriam-webster.com,Brazil
Hearthfield,Natal,Natal Hearthfield,nhearthfielddt@domainmarket.com,Philippines
Sarre,Goran,Goran Sarre,gsarredu@taobao.com,Russia
Greenstead,Freeman,Freeman Greenstead,fgreensteaddv@ifeng.com,Canada
Brombell,Jordan,Jordan Brombell,jbrombelldw@tripod.com,China
McCerery,Giselbert,Giselbert McCerery,gmccererydx@tiny.cc,Uruguay
Bedboro,Francis,Francis Bedboro,fbedborody@liveinternet.ru,China
Machans,Fred,Fred Machans,fmachansdz@acquirethisname.com,Sierra Leone
Hay,Berkie,Berkie Hay,bhaye0@ucoz.com,Bolivia
Vinau,Liane,Liane Vinau,lvinaue1@xrea.com,Nicaragua
Vinson,Lia,Lia Vinson,lvinsone2@ovh.net,South Africa
Callow,Caryn,Caryn Callow,ccallowe3@wp.com,China
Harwood,Chelsie,Chelsie Harwood,charwoode4@123-reg.co.uk,Russia
Joly,Nanine,Nanine Joly,njolye5@newsvine.com,Mozambique
Stuehmeyer,Gilligan,Gilligan Stuehmeyer,gstuehmeyere6@cpanel.net,Indonesia
Ivankovic,Boy,Boy Ivankovic,bivankovice7@google.com.au,Russia
Morrad,Sutherland,Sutherland Morrad,smorrade8@canalblog.com,China
Alldritt,Desiri,Desiri Alldritt,dalldritte9@dailymotion.com,Ukraine
Saltmarsh,Gay,Gay Saltmarsh,gsaltmarshea@homestead.com,Hungary
Batha,Florrie,Florrie Batha,fbathaeb@usda.gov,Indonesia
MacLice,Neill,Neill MacLice,nmacliceec@ebay.co.uk,Indonesia
Fabler,Johnath,Johnath Fabler,jfablered@addtoany.com,Indonesia
Ridsdale,Emmerich,Emmerich Ridsdale,eridsdaleee@aol.com,Portugal
Sollime,Keefe,Keefe Sollime,ksollimeef@who.int,China
Provis,Verne,Verne Provis,vproviseg@altervista.org,Mongolia
Gwioneth,Maitilde,Maitilde Gwioneth,mgwionetheh@indiatimes.com,China
Plaskett,Sharai,Sharai Plaskett,splaskettei@fastcompany.com,Italy
Maudlen,Devinne,Devinne Maudlen,dmaudlenej@youtu.be,Greece
Birkhead,Issiah,Issiah Birkhead,ibirkheadek@mapquest.com,Indonesia
Donahue,Mallory,Mallory Donahue,mdonahueel@cloudflare.com,China
Rolling,Jacquenette,Jacquenette Rolling,jrollingem@google.fr,Portugal
Bolan,Abie,Abie Bolan,abolanen@abc.net.au,Kazakhstan
Attenbarrow,Cesar,Cesar Attenbarrow,cattenbarroweo@oaic.gov.au,Morocco
McDonnell,Rodi,Rodi McDonnell,rmcdonnellep@oracle.com,Poland
Kershaw,Bobbe,Bobbe Kershaw,bkershaweq@weibo.com,Portugal
Duhig,Jozef,Jozef Duhig,jduhiger@nymag.com,Portugal
Jeduch,Jocko,Jocko Jeduch,jjeduches@examiner.com,Japan
Binnall,Olva,Olva Binnall,obinnallet@goodreads.com,Palestinian Territory
Simond,Vidovik,Vidovik Simond,vsimondeu@google.co.uk,Japan
Mc Meekan,Filippa,Filippa Mc Meekan,fmcev@aol.com,Indonesia
Safhill,Atlanta,Atlanta Safhill,asafhillew@hatena.ne.jp,China
Lemmanbie,Shel,Shel Lemmanbie,slemmanbieex@alexa.com,Greece
Kiltie,Marline,Marline Kiltie,mkiltieey@tripadvisor.com,Nigeria
Lauder,Wandie,Wandie Lauder,wlauderez@tumblr.com,Pakistan
Dwyr,Constancia,Constancia Dwyr,cdwyrf0@nationalgeographic.com,China
Vivien,Zsa zsa,Zsa zsa Vivien,zzsaf1@macromedia.com,Tanzania
Ellsom,Marilee,Marilee Ellsom,mellsomf2@accuweather.com,Russia
Calbert,Christoffer,Christoffer Calbert,ccalbertf3@businessinsider.com,Indonesia
Thame,Johna,Johna Thame,jthamef4@bloglines.com,Russia
Credland,Burr,Burr Credland,bcredlandf5@alibaba.com,Russia
Beche,Lissa,Lissa Beche,lbechef6@stanford.edu,Peru
Goodding,Carmelina,Carmelina Goodding,cgooddingf7@icq.com,Belarus
Dauby,Marybeth,Marybeth Dauby,mdaubyf8@xrea.com,United States
Chown,Edouard,Edouard Chown,echownf9@home.pl,Indonesia
Juste,Lil,Lil Juste,ljustefa@topsy.com,China
Derkes,Lacie,Lacie Derkes,lderkesfb@edublogs.org,Venezuela
Upstone,Valerie,Valerie Upstone,vupstonefc@tripadvisor.com,Democratic Republic of the Congo
Shippam,Nikki,Nikki Shippam,nshippamfd@marriott.com,Portugal
Bransdon,Christine,Christine Bransdon,cbransdonfe@bing.com,China
Markus,Drugi,Drugi Markus,dmarkusff@geocities.com,China
Tassel,Colly,Colly Tassel,ctasselfg@slideshare.net,Germany
Labbati,Adriaens,Adriaens Labbati,alabbatifh@dot.gov,Morocco
Kennifeck,Nannette,Nannette Kennifeck,nkennifeckfi@reddit.com,Canada
Cicco,Neal,Neal Cicco,nciccofj@wunderground.com,United States
Lomis,Gwendolin,Gwendolin Lomis,glomisfk@sina.com.cn,Indonesia
Mouget,Katy,Katy Mouget,kmougetfl@stumbleupon.com,China
Moir,Yorke,Yorke Moir,ymoirfm@csmonitor.com,Canada
Exer,Ricoriki,Ricoriki Exer,rexerfn@discuz.net,Brazil
Challen,Pascal,Pascal Challen,pchallenfo@cisco.com,Peru
De Domenicis,Storm,Storm De Domenicis,sdefp@slate.com,Ukraine
Kabisch,Augustus,Augustus Kabisch,akabischfq@shinystat.com,New Zealand
Crummy,Hilliary,Hilliary Crummy,hcrummyfr@livejournal.com,Russia
Anney,Roxana,Roxana Anney,ranneyfs@weather.com,Brazil
Worledge,Juliet,Juliet Worledge,jworledgeft@umich.edu,Kenya
Giles,Renelle,Renelle Giles,rgilesfu@rakuten.co.jp,France
Fridlington,Haleigh,Haleigh Fridlington,hfridlingtonfv@cbslocal.com,Portugal
Bradly,Cassaundra,Cassaundra Bradly,cbradlyfw@skyrock.com,Ivory Coast
Pasmore,Gabrila,Gabrila Pasmore,gpasmorefx@hexun.com,Philippines
Dugmore,Anastasie,Anastasie Dugmore,adugmorefy@mozilla.org,Portugal
Sawell,Brucie,Brucie Sawell,bsawellfz@ca.gov,Egypt
Corry,Starr,Starr Corry,scorryg0@trellian.com,United Kingdom
Boughen,Josh,Josh Boughen,jbougheng1@macromedia.com,Indonesia
Alderwick,Halette,Halette Alderwick,halderwickg2@oakley.com,China
Folkes,Pietra,Pietra Folkes,pfolkesg3@mozilla.org,Russia
Castagnier,Berk,Berk Castagnier,bcastagnierg4@yahoo.co.jp,Macedonia
John,Richmond,Richmond John,rjohng5@cocolog-nifty.com,Russia
Harvett,Addie,Addie Harvett,aharvettg6@woothemes.com,Brazil
Lozano,Bendite,Bendite Lozano,blozanog7@springer.com,Indonesia
Dillestone,Emmalyn,Emmalyn Dillestone,edillestoneg8@rambler.ru,Canada
Risen,Bambi,Bambi Risen,briseng9@godaddy.com,China
Stitcher,Weylin,Weylin Stitcher,wstitcherga@4shared.com,Bosnia and Herzegovina
Driver,Delmor,Delmor Driver,ddrivergb@soup.io,Oman
Cashin,Peder,Peder Cashin,pcashingc@dailymotion.com,France
Chilley,Bobby,Bobby Chilley,bchilleygd@elegantthemes.com,Egypt
McCafferky,Tedmund,Tedmund McCafferky,tmccafferkyge@mail.ru,Sweden
Sturton,Bab,Bab Sturton,bsturtongf@google.es,Poland
Wharin,Gabbie,Gabbie Wharin,gwharingg@dyndns.org,China
Smooth,Arliene,Arliene Smooth,asmoothgh@w3.org,Ukraine
Crowest,Colver,Colver Crowest,ccrowestgi@list-manage.com,Republic of the Congo
Radbourne,Christal,Christal Radbourne,cradbournegj@goo.gl,Poland
Halstead,Terrance,Terrance Halstead,thalsteadgk@weebly.com,Indonesia
Noulton,Gun,Gun Noulton,gnoultongl@icio.us,Russia
Haggerston,Talbot,Talbot Haggerston,thaggerstongm@abc.net.au,Indonesia
Pitcock,Lorne,Lorne Pitcock,lpitcockgn@angelfire.com,China
Starkey,Valera,Valera Starkey,vstarkeygo@psu.edu,France
Schwand,Ebonee,Ebonee Schwand,eschwandgp@nbcnews.com,Panama
Spencers,Rosalie,Rosalie Spencers,rspencersgq@bbb.org,Czech Republic
Farnhill,Orelia,Orelia Farnhill,ofarnhillgr@stumbleupon.com,Israel
Nazer,Lorna,Lorna Nazer,lnazergs@toplist.cz,Russia
Soloway,Orel,Orel Soloway,osolowaygt@hubpages.com,Venezuela
Chatters,Dexter,Dexter Chatters,dchattersgu@cbc.ca,Philippines
Kupker,Hamish,Hamish Kupker,hkupkergv@chron.com,South Africa
De Laspee,Patsy,Patsy De Laspee,pdegw@stanford.edu,Mexico
Kendell,Rochelle,Rochelle Kendell,rkendellgx@bandcamp.com,China
Crain,Moselle,Moselle Crain,mcraingy@skyrock.com,China
Whorton,Latrena,Latrena Whorton,lwhortongz@tripod.com,China
Gercke,Teddy,Teddy Gercke,tgerckeh0@nasa.gov,China
Itscowics,Bernice,Bernice Itscowics,bitscowicsh1@biblegateway.com,Canada
Bartalini,Shanna,Shanna Bartalini,sbartalinih2@spiegel.de,Portugal
Boon,Angelle,Angelle Boon,aboonh3@dailymotion.com,Poland
Soars,Merline,Merline Soars,msoarsh4@ning.com,Mexico
Drysdale,Neila,Neila Drysdale,ndrysdaleh5@ameblo.jp,South Africa
Little,Judi,Judi Little,jlittleh6@whitehouse.gov,Norway
Hark,Grazia,Grazia Hark,gharkh7@noaa.gov,South Africa
Dawbury,Jobina,Jobina Dawbury,jdawburyh8@hugedomains.com,Argentina
Tenaunt,Horatius,Horatius Tenaunt,htenaunth9@geocities.jp,China
Spink,Noby,Noby Spink,nspinkha@independent.co.uk,Kuwait
Tenbrug,Gretta,Gretta Tenbrug,gtenbrughb@dion.ne.jp,Russia
Glenn,Augusto,Augusto Glenn,aglennhc@ameblo.jp,Russia
Tiebe,Bernadette,Bernadette Tiebe,btiebehd@umich.edu,Portugal
Couling,Alejoa,Alejoa Couling,acoulinghe@pinterest.com,China
Shaddock,Herculie,Herculie Shaddock,hshaddockhf@google.ca,Japan
Mullarkey,Maggie,Maggie Mullarkey,mmullarkeyhg@live.com,Philippines
Scorton,Clarabelle,Clarabelle Scorton,cscortonhh@over-blog.com,Russia
Grabert,Inez,Inez Grabert,igraberthi@noaa.gov,Indonesia
Gillam,Lorilee,Lorilee Gillam,lgillamhj@plala.or.jp,Croatia
Gerler,Kimberlee,Kimberlee Gerler,kgerlerhk@vk.com,China
Golightly,Marla,Marla Golightly,mgolightlyhl@creativecommons.org,Egypt
Gallaher,Lizbeth,Lizbeth Gallaher,lgallaherhm@people.com.cn,Brazil
Benzies,Ellary,Ellary Benzies,ebenzieshn@reuters.com,Uganda
Dowall,Vasilis,Vasilis Dowall,vdowallho@hao123.com,Portugal
Sammut,Valentina,Valentina Sammut,vsammuthp@elpais.com,China
Rainer,Augie,Augie Rainer,arainerhq@github.com,Peru
Andrejevic,Rois,Rois Andrejevic,randrejevichr@github.io,Czech Republic
Hayes,Elia,Elia Hayes,ehayeshs@webmd.com,Belize
Greenstead,Kimmie,Kimmie Greenstead,kgreensteadht@accuweather.com,Thailand
McCloughen,Caryl,Caryl McCloughen,cmccloughenhu@tuttocitta.it,Switzerland
Kepling,Sammie,Sammie Kepling,skeplinghv@dagondesign.com,China
Knevet,Arabela,Arabela Knevet,aknevethw@theatlantic.com,Syria
Steinor,Keeley,Keeley Steinor,ksteinorhx@umich.edu,China
Verring,Bendick,Bendick Verring,bverringhy@eepurl.com,China
Seabrocke,Elvin,Elvin Seabrocke,eseabrockehz@ft.com,Philippines
Abrashkin,Nike,Nike Abrashkin,nabrashkini0@paginegialle.it,Indonesia
Cronk,Yolande,Yolande Cronk,ycronki1@dailymotion.com,China
Banasevich,Hersh,Hersh Banasevich,hbanasevichi2@boston.com,Indonesia
Baldery,Audre,Audre Baldery,abalderyi3@yahoo.com,Brazil
McCowen,Maury,Maury McCowen,mmccoweni4@uol.com.br,Botswana
Dawe,Lockwood,Lockwood Dawe,ldawei5@meetup.com,Nicaragua
Follan,Mathew,Mathew Follan,mfollani6@ucoz.ru,France
Mulford,Erminie,Erminie Mulford,emulfordi7@seesaa.net,China
Szapiro,Crystie,Crystie Szapiro,cszapiroi8@trellian.com,Philippines
Relf,Eryn,Eryn Relf,erelfi9@tinyurl.com,Argentina
Carabet,Stephana,Stephana Carabet,scarabetia@imageshack.us,Brazil
Cornell,Dulsea,Dulsea Cornell,dcornellib@nationalgeographic.com,Costa Rica
Martellini,Berton,Berton Martellini,bmartelliniic@irs.gov,China
Galletley,Justin,Justin Galletley,jgalletleyid@mac.com,Ukraine
Bundy,Lynn,Lynn Bundy,lbundyie@addthis.com,Czech Republic
Garey,Ruperto,Ruperto Garey,rgareyif@geocities.jp,Philippines
Domenget,Moishe,Moishe Domenget,mdomengetig@noaa.gov,Russia
Anthoine,Joellen,Joellen Anthoine,janthoineih@altervista.org,United States
Willoughey,Vita,Vita Willoughey,vwillougheyii@ebay.com,South Africa
Saffe,Lynelle,Lynelle Saffe,lsaffeij@blogtalkradio.com,France
Olding,Laraine,Laraine Olding,loldingik@pcworld.com,China
Ridewood,Garrik,Garrik Ridewood,gridewoodil@nature.com,Indonesia
Spiring,Anna-maria,Anna-maria Spiring,aspiringim@businessinsider.com,Poland
Cadamy,Andreana,Andreana Cadamy,acadamyin@cdc.gov,United States
Kunze,Valentina,Valentina Kunze,vkunzeio@vkontakte.ru,Argentina
Blackly,Hercules,Hercules Blackly,hblacklyip@tripod.com,Czech Republic
Simanenko,Lura,Lura Simanenko,lsimanenkoiq@studiopress.com,China
Stocker,Manfred,Manfred Stocker,mstockerir@google.de,China
Haycock,Kaila,Kaila Haycock,khaycockis@over-blog.com,Indonesia
Cyseley,Emmalynn,Emmalynn Cyseley,ecyseleyit@storify.com,Belarus
Father,Milton,Milton Father,mfatheriu@sourceforge.net,China
Plimmer,Dody,Dody Plimmer,dplimmeriv@dot.gov,China
Rieflin,Enriqueta,Enriqueta Rieflin,eriefliniw@desdev.cn,Somalia
Thurstan,Chrysa,Chrysa Thurstan,cthurstanix@fc2.com,Ukraine
Boyfield,Manon,Manon Boyfield,mboyfieldiy@buzzfeed.com,China
Codd,Petey,Petey Codd,pcoddiz@jimdo.com,Indonesia
Caldecutt,Eugene,Eugene Caldecutt,ecaldecuttj0@reddit.com,Slovenia
Conklin,Candice,Candice Conklin,cconklinj1@umich.edu,Russia
Hogbin,Redd,Redd Hogbin,rhogbinj2@google.it,Russia
Jacqueminet,Vanessa,Vanessa Jacqueminet,vjacqueminetj3@t.co,Portugal
Semkins,Lucia,Lucia Semkins,lsemkinsj4@usnews.com,Ukraine
Melmeth,Mariquilla,Mariquilla Melmeth,mmelmethj5@hibu.com,Canada
Treby,Donnamarie,Donnamarie Treby,dtrebyj6@51.la,China
Florentine,Stefan,Stefan Florentine,sflorentinej7@wufoo.com,Indonesia
Forsdike,Maighdiln,Maighdiln Forsdike,mforsdikej8@cnn.com,Sweden
Pfeffel,Cleavland,Cleavland Pfeffel,cpfeffelj9@tripod.com,Philippines
Grovier,Martynne,Martynne Grovier,mgrovierja@arizona.edu,Spain
Klesse,Ermina,Ermina Klesse,eklessejb@ow.ly,Indonesia
Brisse,Corry,Corry Brisse,cbrissejc@wix.com,Poland
Farrent,Godart,Godart Farrent,gfarrentjd@jalbum.net,Brazil
Maylam,Alejandro,Alejandro Maylam,amaylamje@rakuten.co.jp,Liberia
Skyme,Eugenia,Eugenia Skyme,eskymejf@japanpost.jp,Brazil
Stanyland,Godfrey,Godfrey Stanyland,gstanylandjg@europa.eu,France
Kerford,Deni,Deni Kerford,dkerfordjh@apple.com,Zimbabwe
Almon,Gal,Gal Almon,galmonji@over-blog.com,Peru
Storer,Lib,Lib Storer,lstorerjj@a8.net,China
Ferrers,Sonni,Sonni Ferrers,sferrersjk@discuz.net,Vietnam
Stert,Edee,Edee Stert,estertjl@icq.com,Argentina
Primak,Ancell,Ancell Primak,aprimakjm@loc.gov,Russia
Giacomazzo,Grissel,Grissel Giacomazzo,ggiacomazzojn@globo.com,Argentina
Osler,Ileane,Ileane Osler,ioslerjo@bloglines.com,Japan
Marfield,Lotta,Lotta Marfield,lmarfieldjp@netvibes.com,Philippines
Novis,Rossy,Rossy Novis,rnovisjq@uol.com.br,Russia
Martonfi,Tierney,Tierney Martonfi,tmartonfijr@hud.gov,China
Skirven,Lin,Lin Skirven,lskirvenjs@toplist.cz,China
Deeny,Rusty,Rusty Deeny,rdeenyjt@symantec.com,Sweden
Bengtsen,Rafaellle,Rafaellle Bengtsen,rbengtsenju@tiny.cc,China
Baurerich,Augustin,Augustin Baurerich,abaurerichjv@google.es,Philippines
Prys,Shalne,Shalne Prys,sprysjw@wordpress.com,Bulgaria
Girardengo,Isidora,Isidora Girardengo,igirardengojx@mail.ru,Namibia
Pape,Leicester,Leicester Pape,lpapejy@vkontakte.ru,Norway
Hudson,Celene,Celene Hudson,chudsonjz@forbes.com,Japan
Escofier,Malory,Malory Escofier,mescofierk0@apple.com,Philippines
Cregan,Orton,Orton Cregan,ocregank1@de.vu,Canada
Sumshon,Randolf,Randolf Sumshon,rsumshonk2@hubpages.com,Indonesia
Bapty,Lucienne,Lucienne Bapty,lbaptyk3@phpbb.com,Greece
Murrish,Sarette,Sarette Murrish,smurrishk4@usda.gov,France
Eunson,Ester,Ester Eunson,eeunsonk5@cnbc.com,Brazil
Ludwell,Blanche,Blanche Ludwell,bludwellk6@topsy.com,Mexico
Sage,Chelsae,Chelsae Sage,csagek7@sourceforge.net,Azerbaijan
Jiggen,Janith,Janith Jiggen,jjiggenk8@google.co.uk,Canada
Thick,Willi,Willi Thick,wthickk9@sbwire.com,Armenia
Hayen,Dael,Dael Hayen,dhayenka@google.com,China
Landsborough,Torrin,Torrin Landsborough,tlandsboroughkb@g.co,China
Rydzynski,Hodge,Hodge Rydzynski,hrydzynskikc@usatoday.com,Ireland
Ziemsen,Olive,Olive Ziemsen,oziemsenkd@delicious.com,Paraguay
Griston,Robinette,Robinette Griston,rgristonke@craigslist.org,China
Beadham,Venita,Venita Beadham,vbeadhamkf@cocolog-nifty.com,United States
Thunnercliff,Duncan,Duncan Thunnercliff,dthunnercliffkg@npr.org,South Georgia and the South Sandwich Islands
Rivallant,Twila,Twila Rivallant,trivallantkh@sphinn.com,Portugal
Lothean,Jaymee,Jaymee Lothean,jlotheanki@nasa.gov,Thailand
Thome,Michal,Michal Thome,mthomekj@ask.com,Mauritius
Josefson,Fara,Fara Josefson,fjosefsonkk@yale.edu,Indonesia
Local,Valentina,Valentina Local,vlocalkl@oaic.gov.au,Indonesia
Mulbry,Caressa,Caressa Mulbry,cmulbrykm@wunderground.com,Jamaica
Seckington,Terry,Terry Seckington,tseckingtonkn@intel.com,Canada
Rossey,Auguste,Auguste Rossey,arosseyko@cafepress.com,Indonesia
Abreheart,Lisbeth,Lisbeth Abreheart,labreheartkp@51.la,Indonesia
Leynagh,Christye,Christye Leynagh,cleynaghkq@yellowbook.com,China
Soame,Alan,Alan Soame,asoamekr@bing.com,China
Dwelly,Alysa,Alysa Dwelly,adwellyks@miibeian.gov.cn,Palestinian Territory
Breadon,Jordon,Jordon Breadon,jbreadonkt@hp.com,Greece
Haygreen,Gardy,Gardy Haygreen,ghaygreenku@yandex.ru,Macedonia
Hunnisett,Vito,Vito Hunnisett,vhunnisettkv@lulu.com,Portugal
Spellard,Gerhardt,Gerhardt Spellard,gspellardkw@deviantart.com,East Timor
Remmer,Graig,Graig Remmer,gremmerkx@tumblr.com,Russia
Giocannoni,Maury,Maury Giocannoni,mgiocannoniky@wikia.com,Tanzania
Hebburn,See,See Hebburn,shebburnkz@marriott.com,Indonesia
Crosfield,Iris,Iris Crosfield,icrosfieldl0@who.int,Tajikistan
Willbourne,Ethelda,Ethelda Willbourne,ewillbournel1@baidu.com,Indonesia
McLoughlin,Ari,Ari McLoughlin,amcloughlinl2@tripadvisor.com,Brazil
Grigs,Marcille,Marcille Grigs,mgrigsl3@merriam-webster.com,Vietnam
Keasy,Cissy,Cissy Keasy,ckeasyl4@rediff.com,Brazil
Annott,Blanche,Blanche Annott,bannottl5@goodreads.com,Portugal
Volett,Carmencita,Carmencita Volett,cvolettl6@youtu.be,Cuba
Wartnaby,Sarita,Sarita Wartnaby,swartnabyl7@google.nl,Indonesia
Rainton,Verna,Verna Rainton,vraintonl8@quantcast.com,Ukraine
Mellhuish,Jarad,Jarad Mellhuish,jmellhuishl9@adobe.com,Botswana
Reeman,Elene,Elene Reeman,ereemanla@ibm.com,Russia
Greatrex,Larisa,Larisa Greatrex,lgreatrexlb@arizona.edu,Czech Republic
Byron,Karie,Karie Byron,kbyronlc@europa.eu,Indonesia
McEntagart,Costanza,Costanza McEntagart,cmcentagartld@seattletimes.com,Russia
Fawlkes,Judon,Judon Fawlkes,jfawlkesle@cnn.com,China
Warbey,Frasier,Frasier Warbey,fwarbeylf@twitpic.com,China
Anyon,Marrilee,Marrilee Anyon,manyonlg@dyndns.org,Russia
Athy,Win,Win Athy,wathylh@salon.com,Japan
Gisbourn,Xylina,Xylina Gisbourn,xgisbournli@so-net.ne.jp,Greece
Baulch,Goober,Goober Baulch,gbaulchlj@amazon.de,China
Brailey,Morry,Morry Brailey,mbraileylk@dmoz.org,Colombia
Winchurch,Leoline,Leoline Winchurch,lwinchurchll@google.fr,Norway
McGlue,Wiley,Wiley McGlue,wmcgluelm@tumblr.com,Cameroon
Heaseman,Margaret,Margaret Heaseman,mheasemanln@biglobe.ne.jp,Lesotho
Soans,Wayland,Wayland Soans,wsoanslo@google.fr,Greenland
Bonny,Dru,Dru Bonny,dbonnylp@jalbum.net,China
Gregori,Mandy,Mandy Gregori,mgregorilq@abc.net.au,France
Gristwood,Chet,Chet Gristwood,cgristwoodlr@statcounter.com,Venezuela
Henkens,Valaria,Valaria Henkens,vhenkensls@odnoklassniki.ru,Mexico
Tonner,Huey,Huey Tonner,htonnerlt@microsoft.com,Brazil
Shackell,Bevvy,Bevvy Shackell,bshackelllu@ftc.gov,Indonesia
Hares,Alessandro,Alessandro Hares,ahareslv@ft.com,France
Cayet,Hesther,Hesther Cayet,hcayetlw@last.fm,Peru
Linne,Alasdair,Alasdair Linne,alinnelx@goo.gl,Sweden
Wimp,Jacquenette,Jacquenette Wimp,jwimply@salon.com,Philippines
Murphy,Serge,Serge Murphy,smurphylz@myspace.com,Peru
Attwooll,Nico,Nico Attwooll,nattwoollm0@shop-pro.jp,Philippines
Duffy,Nikola,Nikola Duffy,nduffym1@google.com.hk,Colombia
Goldwater,Morgen,Morgen Goldwater,mgoldwaterm2@friendfeed.com,Indonesia
Livesey,Mozelle,Mozelle Livesey,mliveseym3@yellowpages.com,Brazil
Erwin,Farrand,Farrand Erwin,ferwinm4@hud.gov,Costa Rica
Merck,Elmore,Elmore Merck,emerckm5@altervista.org,China
Wellbeloved,Lenore,Lenore Wellbeloved,lwellbelovedm6@netlog.com,Serbia
Landeaux,Mollie,Mollie Landeaux,mlandeauxm7@harvard.edu,Brazil
Coxon,Monte,Monte Coxon,mcoxonm8@sogou.com,China
Torfin,Ethelyn,Ethelyn Torfin,etorfinm9@histats.com,Guinea
Robilart,Sabine,Sabine Robilart,srobilartma@ifeng.com,China
Moyse,Eadith,Eadith Moyse,emoysemb@java.com,China
Craydon,Hildegarde,Hildegarde Craydon,hcraydonmc@fotki.com,United States
Mundall,Markos,Markos Mundall,mmundallmd@vk.com,Nigeria
Reignard,Danny,Danny Reignard,dreignardme@jalbum.net,China
Lynd,Willey,Willey Lynd,wlyndmf@bloomberg.com,Vietnam
Taile,Maxim,Maxim Taile,mtailemg@digg.com,Portugal
Shoveller,Vernen,Vernen Shoveller,vshovellermh@usnews.com,Poland
MacVanamy,Rodrique,Rodrique MacVanamy,rmacvanamymi@twitpic.com,Poland
Brosoli,Nissa,Nissa Brosoli,nbrosolimj@addthis.com,Armenia
Dmitrienko,Howie,Howie Dmitrienko,hdmitrienkomk@amazon.com,Kazakhstan
Kleehuhler,Rudy,Rudy Kleehuhler,rkleehuhlerml@shop-pro.jp,Netherlands
Mandifield,Helge,Helge Mandifield,hmandifieldmm@smugmug.com,Sweden
Crewe,Vladamir,Vladamir Crewe,vcrewemn@army.mil,China
Murie,Aymer,Aymer Murie,amuriemo@themeforest.net,United States
Seczyk,Andros,Andros Seczyk,aseczykmp@imdb.com,Indonesia
Pilkinton,Susy,Susy Pilkinton,spilkintonmq@hostgator.com,Taiwan
Sheering,Constantin,Constantin Sheering,csheeringmr@networkadvertising.org,Greece
Yepiskopov,Hakeem,Hakeem Yepiskopov,hyepiskopovms@businessinsider.com,Philippines
O'Nions,Deeann,Deeann O'Nions,donionsmt@discovery.com,Indonesia
Phizackerly,Terrance,Terrance Phizackerly,tphizackerlymu@pagesperso-orange.fr,Kazakhstan
Chastelain,Claudianus,Claudianus Chastelain,cchastelainmv@usgs.gov,Hungary
McAnellye,Lyndy,Lyndy McAnellye,lmcanellyemw@1und1.de,Jordan
Burgwyn,Elena,Elena Burgwyn,eburgwynmx@reddit.com,Argentina
Youngs,Ceil,Ceil Youngs,cyoungsmy@hugedomains.com,Chad
Cornelis,Erick,Erick Cornelis,ecornelismz@google.ru,Czech Republic
Malletratt,Cherilynn,Cherilynn Malletratt,cmalletrattn0@myspace.com,United States
Spinetti,Mechelle,Mechelle Spinetti,mspinettin1@icio.us,Philippines
Whyffen,Desi,Desi Whyffen,dwhyffenn2@bravesites.com,China
Garie,See,See Garie,sgarien3@cyberchimps.com,Greece
Tabrett,Marcia,Marcia Tabrett,mtabrettn4@weibo.com,Brazil
Persehouse,Jesse,Jesse Persehouse,jpersehousen5@mysql.com,Indonesia
Brito,Sergent,Sergent Brito,sbriton6@nsw.gov.au,China
Piddick,Kameko,Kameko Piddick,kpiddickn7@elegantthemes.com,Philippines
Cammiemile,Nedi,Nedi Cammiemile,ncammiemilen8@theatlantic.com,Pakistan
Lambirth,Roddy,Roddy Lambirth,rlambirthn9@twitpic.com,China
Hintzer,Ase,Ase Hintzer,ahintzerna@dell.com,Indonesia
Brewster,Ellette,Ellette Brewster,ebrewsternb@moonfruit.com,Poland
Suthworth,Bryanty,Bryanty Suthworth,bsuthworthnc@ftc.gov,Poland
Linkleter,Roobbie,Roobbie Linkleter,rlinkleternd@theguardian.com,Czech Republic
Stickings,Patrica,Patrica Stickings,pstickingsne@washingtonpost.com,Bolivia
Petrovic,Gualterio,Gualterio Petrovic,gpetrovicnf@dell.com,Philippines
Stears,Anett,Anett Stears,astearsng@google.com.au,Mexico
Filewood,Cinda,Cinda Filewood,cfilewoodnh@multiply.com,China
Seligson,Rey,Rey Seligson,rseligsonni@blog.com,China
Tivolier,Elianore,Elianore Tivolier,etivoliernj@goodreads.com,Russia
Trowl,Farica,Farica Trowl,ftrowlnk@state.gov,Greece
Mathe,Greta,Greta Mathe,gmathenl@sakura.ne.jp,Honduras
Bladesmith,Dwain,Dwain Bladesmith,dbladesmithnm@sina.com.cn,China
Baswall,Scot,Scot Baswall,sbaswallnn@photobucket.com,Tanzania
Downham,Amalita,Amalita Downham,adownhamno@latimes.com,Pakistan
Petyt,Dacey,Dacey Petyt,dpetytnp@aol.com,Canada
Chopin,Esmeralda,Esmeralda Chopin,echopinnq@amazon.co.uk,Brazil
Bracer,Marlane,Marlane Bracer,mbracernr@wunderground.com,China
Ferri,Tito,Tito Ferri,tferrins@nytimes.com,Japan
Wones,Halimeda,Halimeda Wones,hwonesnt@va.gov,Poland
Fayne,Lin,Lin Fayne,lfaynenu@goo.ne.jp,Russia
Exeter,Sherye,Sherye Exeter,sexeternv@phpbb.com,China
Cumberpatch,Madelina,Madelina Cumberpatch,mcumberpatchnw@tripod.com,Russia
Grosier,Torr,Torr Grosier,tgrosiernx@mapquest.com,Portugal
Jenny,Lyman,Lyman Jenny,ljennyny@sourceforge.net,Indonesia
Ratlee,Toby,Toby Ratlee,tratleenz@dion.ne.jp,Indonesia
Turban,Malvina,Malvina Turban,mturbano0@mashable.com,Spain
Feechum,Bernete,Bernete Feechum,bfeechumo1@de.vu,Guatemala
Kivlehan,Floria,Floria Kivlehan,fkivlehano2@youtu.be,China
Pierson,Burnaby,Burnaby Pierson,bpiersono3@bandcamp.com,China
Magnar,Jeni,Jeni Magnar,jmagnaro4@people.com.cn,Sweden
Cluet,Ana,Ana Cluet,aclueto5@businesswire.com,China
Ondrus,Germayne,Germayne Ondrus,gondruso6@google.com,Poland
Paschek,Helga,Helga Paschek,hpascheko7@bizjournals.com,Philippines
Rhead,Jacki,Jacki Rhead,jrheado8@cnn.com,China
Goldney,Kaitlyn,Kaitlyn Goldney,kgoldneyo9@sitemeter.com,Russia
Jarville,Andrey,Andrey Jarville,ajarvilleoa@bbb.org,United States
Revely,Janean,Janean Revely,jrevelyob@slideshare.net,Georgia
Ewbanche,Elsbeth,Elsbeth Ewbanche,eewbancheoc@github.io,Philippines
Ascough,Konstance,Konstance Ascough,kascoughod@is.gd,Mexico
Finci,Alvira,Alvira Finci,afincioe@guardian.co.uk,Morocco
Shyram,Ignatius,Ignatius Shyram,ishyramof@webnode.com,Portugal
Loveday,Wit,Wit Loveday,wlovedayog@github.com,Portugal
Minguet,Griz,Griz Minguet,gminguetoh@lycos.com,Indonesia
Waite,Lemmy,Lemmy Waite,lwaiteoi@4shared.com,China
Dufty,Jannelle,Jannelle Dufty,jduftyoj@disqus.com,Peru
Tomczykiewicz,Kayne,Kayne Tomczykiewicz,ktomczykiewiczok@intel.com,Poland
Tiffany,Hamnet,Hamnet Tiffany,htiffanyol@ovh.net,Argentina
Wheway,Therine,Therine Wheway,twhewayom@wired.com,Argentina
Harlick,Mason,Mason Harlick,mharlickon@bizjournals.com,China
Low,Susanne,Susanne Low,slowoo@free.fr,New Zealand
Lamb,Bobbi,Bobbi Lamb,blambop@globo.com,Japan
Tschirasche,Currey,Currey Tschirasche,ctschirascheoq@behance.net,Azerbaijan
Godmer,Aloise,Aloise Godmer,agodmeror@dropbox.com,Russia
Bruineman,Cristen,Cristen Bruineman,cbruinemanos@archive.org,China
Clarke-Williams,Barnebas,Barnebas Clarke-Williams,bclarkewilliamsot@ucoz.com,China
Mattusov,Linnet,Linnet Mattusov,lmattusovou@domainmarket.com,Czech Republic
Pakeman,Giles,Giles Pakeman,gpakemanov@slashdot.org,Indonesia
Merner,Sayres,Sayres Merner,smernerow@spotify.com,Indonesia
Farryan,Huey,Huey Farryan,hfarryanox@kickstarter.com,Philippines
Witling,Dav,Dav Witling,dwitlingoy@mit.edu,Indonesia
Jurs,Lucien,Lucien Jurs,ljursoz@apple.com,Ukraine
Wythill,Ursula,Ursula Wythill,uwythillp0@latimes.com,Indonesia
Ricardou,Artemis,Artemis Ricardou,aricardoup1@alexa.com,Azerbaijan
Caudelier,Mindy,Mindy Caudelier,mcaudelierp2@fotki.com,Vietnam
Hansana,Judi,Judi Hansana,jhansanap3@theguardian.com,Indonesia
Canete,Valerye,Valerye Canete,vcanetep4@drupal.org,Democratic Republic of the Congo
Rush,Dud,Dud Rush,drushp5@alibaba.com,Indonesia
Impey,Cameron,Cameron Impey,cimpeyp6@nationalgeographic.com,Russia
Batecok,Broderick,Broderick Batecok,bbatecokp7@ezinearticles.com,France
Fardy,Nickolas,Nickolas Fardy,nfardyp8@topsy.com,Finland
Yglesias,Gusta,Gusta Yglesias,gyglesiasp9@cbc.ca,China
Sandcraft,Alena,Alena Sandcraft,asandcraftpa@chronoengine.com,Pakistan
Eburne,Verna,Verna Eburne,veburnepb@photobucket.com,Indonesia
Bellham,Sherie,Sherie Bellham,sbellhampc@alibaba.com,Poland
Rockhall,Ramsay,Ramsay Rockhall,rrockhallpd@reference.com,Belarus
Paulich,Aldric,Aldric Paulich,apaulichpe@google.ru,Nicaragua
Gooddy,Inez,Inez Gooddy,igooddypf@umich.edu,Russia
Swainger,Catie,Catie Swainger,cswaingerpg@hibu.com,Brazil
Brice,Tyrus,Tyrus Brice,tbriceph@twitter.com,Croatia
Dickerson,Terrill,Terrill Dickerson,tdickersonpi@google.ru,Indonesia
De Vries,Lyon,Lyon De Vries,ldepj@jimdo.com,Indonesia
Frensch,Ellie,Ellie Frensch,efrenschpk@bloglines.com,France
Coots,Joelle,Joelle Coots,jcootspl@51.la,Indonesia
Clampton,Buckie,Buckie Clampton,bclamptonpm@ucla.edu,France
Athridge,Halette,Halette Athridge,hathridgepn@prweb.com,Norway
Devericks,Bili,Bili Devericks,bdeverickspo@gmpg.org,Paraguay
Corradengo,David,David Corradengo,dcorradengopp@webmd.com,Jamaica
Bourke,Phaedra,Phaedra Bourke,pbourkepq@cloudflare.com,Sweden
Pickring,Skylar,Skylar Pickring,spickringpr@ucla.edu,Chile
Havile,Kerwinn,Kerwinn Havile,khavileps@stanford.edu,Czech Republic
Iacoviello,Tootsie,Tootsie Iacoviello,tiacoviellopt@macromedia.com,Philippines
Filippazzo,Englebert,Englebert Filippazzo,efilippazzopu@cam.ac.uk,Philippines
Lauga,Les,Les Lauga,llaugapv@instagram.com,Morocco
Raiment,Normie,Normie Raiment,nraimentpw@uiuc.edu,China
Spragge,Briney,Briney Spragge,bspraggepx@toplist.cz,China
Summerlee,Earlie,Earlie Summerlee,esummerleepy@ow.ly,Brazil
Hatchman,Ambrosio,Ambrosio Hatchman,ahatchmanpz@homestead.com,Norway
Bellelli,Deck,Deck Bellelli,dbellelliq0@usnews.com,Russia
Corneljes,Rhona,Rhona Corneljes,rcorneljesq1@ucsd.edu,Morocco
Szach,Cort,Cort Szach,cszachq2@parallels.com,Tanzania
De Gregoli,Fedora,Fedora De Gregoli,fdeq3@istockphoto.com,China
Fenners,Angelo,Angelo Fenners,afennersq4@bing.com,United States
Hunt,Dominik,Dominik Hunt,dhuntq5@cnet.com,Indonesia
Morit,Clayson,Clayson Morit,cmoritq6@taobao.com,Russia
Hatfull,Kissie,Kissie Hatfull,khatfullq7@biglobe.ne.jp,China
Skittle,Clary,Clary Skittle,cskittleq8@weibo.com,United States
Gentreau,Lonny,Lonny Gentreau,lgentreauq9@tuttocitta.it,Indonesia
Windham,Wolf,Wolf Windham,wwindhamqa@bravesites.com,Albania
Pilbeam,Nobe,Nobe Pilbeam,npilbeamqb@4shared.com,Sweden
Kiln,Jessamine,Jessamine Kiln,jkilnqc@businesswire.com,Russia
Bonellie,Amalie,Amalie Bonellie,abonellieqd@goo.ne.jp,China
Lob,Orlando,Orlando Lob,olobqe@census.gov,Canada
Perchard,Lindsay,Lindsay Perchard,lperchardqf@gravatar.com,Russia
Jacobsohn,Chelsy,Chelsy Jacobsohn,cjacobsohnqg@w3.org,Iran
Rusted,Lynnelle,Lynnelle Rusted,lrustedqh@hubpages.com,Brazil
Cuskery,Marcellina,Marcellina Cuskery,mcuskeryqi@pagesperso-orange.fr,Russia
Taylerson,Renee,Renee Taylerson,rtaylersonqj@tumblr.com,Mauritius
Greger,Carole,Carole Greger,cgregerqk@hud.gov,Brazil
Charters,Erny,Erny Charters,echartersql@cmu.edu,Russia
Quernel,Ware,Ware Quernel,wquernelqm@soundcloud.com,Indonesia
Swinbourne,Nikolas,Nikolas Swinbourne,nswinbourneqn@surveymonkey.com,Indonesia
Goold,Mitchel,Mitchel Goold,mgooldqo@loc.gov,China
Kerridge,Brittney,Brittney Kerridge,bkerridgeqp@time.com,China
Neagle,Tannie,Tannie Neagle,tneagleqq@is.gd,China
Guterson,Foss,Foss Guterson,fgutersonqr@acquirethisname.com,Czech Republic
Daynter,Germain,Germain Daynter,gdaynterqs@discovery.com,China
Drewe,Illa,Illa Drewe,idreweqt@apple.com,France
Byars,Gabbey,Gabbey Byars,gbyarsqu@intel.com,Philippines
Slamaker,Melosa,Melosa Slamaker,mslamakerqv@shinystat.com,Lebanon
Hallstone,Flossy,Flossy Hallstone,fhallstoneqw@arizona.edu,China
Woloschin,Florie,Florie Woloschin,fwoloschinqx@msn.com,Russia
Yurasov,Cecelia,Cecelia Yurasov,cyurasovqy@craigslist.org,Sweden
Wrangle,Morna,Morna Wrangle,mwrangleqz@stanford.edu,Portugal
Silvermann,Jerrie,Jerrie Silvermann,jsilvermannr0@unc.edu,Russia
Hambrook,Aggi,Aggi Hambrook,ahambrookr1@last.fm,Portugal
Syne,Mordecai,Mordecai Syne,msyner2@rediff.com,Mexico
McFadden,Jim,Jim McFadden,jmcfaddenr3@prweb.com,Colombia
Boorn,Shem,Shem Boorn,sboornr4@dmoz.org,Afghanistan
Bansal,Anita,Anita Bansal,abansalr5@mozilla.com,Sweden
Lawland,Carlin,Carlin Lawland,clawlandr6@technorati.com,Indonesia
Epple,Isidoro,Isidoro Epple,ieppler7@businesswire.com,Jordan
Grishmanov,Paloma,Paloma Grishmanov,pgrishmanovr8@usatoday.com,Brazil
Dillaway,Brigitta,Brigitta Dillaway,bdillawayr9@artisteer.com,France
Roget,Kacey,Kacey Roget,krogetra@ask.com,Slovenia
Mendes,Harmony,Harmony Mendes,hmendesrb@icq.com,South Africa
Skerrett,Leoline,Leoline Skerrett,lskerrettrc@chicagotribune.com,Albania
Thurber,Aldwin,Aldwin Thurber,athurberrd@seesaa.net,Japan
MacMenamie,Donall,Donall MacMenamie,dmacmenamiere@wsj.com,Brazil
Stert,Kain,Kain Stert,kstertrf@hatena.ne.jp,Indonesia
Syme,Minette,Minette Syme,msymerg@unc.edu,Poland
Nickoll,Gabrielle,Gabrielle Nickoll,gnickollrh@shareasale.com,Philippines
Abells,Far,Far Abells,fabellsri@ow.ly,Mongolia
Baldetti,Waylon,Waylon Baldetti,wbaldettirj@eepurl.com,Indonesia
Dumphries,Carita,Carita Dumphries,cdumphriesrk@arizona.edu,Malaysia
Testo,Briggs,Briggs Testo,btestorl@techcrunch.com,Poland
Pinchback,Job,Job Pinchback,jpinchbackrm@cyberchimps.com,Ukraine
Elderidge,Fifine,Fifine Elderidge,felderidgern@opensource.org,Brazil
Keyson,Heath,Heath Keyson,hkeysonro@blogtalkradio.com,Ukraine
Richin,Burlie,Burlie Richin,brichinrp@amazon.co.jp,Croatia
Gartshore,Idalina,Idalina Gartshore,igartshorerq@slate.com,China
Halloran,Henderson,Henderson Halloran,hhalloranrr@intel.com,China
