erp_username,erp_alpha_name,matched_email_surname,matched_email_name,matched_email,country,score_email
TMCILWRAITH0,teodoor mcilwraith,mcilwraith,teodoor,tmcilwraith0@ebay.co.uk,Russia,100.0
CECCLES1,concettina eccles,eccles,concettina,ceccles1@arstechnica.com,Yemen,100.0
JLABADINI2,jerome labadini,labadini,jerome,jlabadini2@reddit.com,France,100.0
LMACENTEE3,lesley macentee,macentee,lesley,lmacentee3@yahoo.co.jp,China,100.0
SKINDALL4,skyler kindall,kindall,skyler,skindall4@merriam-webster.com,China,100.0
JRUCK5,johnette ruck,ruck,johnette,jruck5@fema.gov,China,100.0
RJULLIAN6,renate jullian,jullian,renate,rjullian6@wikispaces.com,Argentina,100.0
PSTREWTHER7,paola strewther,strewther,paola,pstrewther7@posterous.com,Spain,100.0
HKOLODZIEJ8,hanna kolodziej,kolodziej,hanna,hkolodziej8@domainmarket.com,Poland,100.0
BFONE9,berget fone,fone,berget,bfone9@sciencedaily.com,Indonesia,100.0
VMCAVINCHEYA,valma mcavinchey,mcavinchey,valma,vmcavincheya@timesonline.co.uk,East Timor,100.0
RMAGUIREB,radcliffe maguire,maguire,radcliffe,rmaguireb@upenn.edu,Brazil,100.0
PGITTHOUSEC,phillipe gitthouse,gitthouse,phillipe,pgitthousec@reddit.com,Argentina,100.0
VSTAINTOND,vale stainton,stainton,vale,vstaintond@uol.com.br,United Kingdom,100.0
JARNOULDE,julio arnould,arnould,julio,jarnoulde@lycos.com,Curacao,100.0
PBOONF,perkin boon,boon,perkin,pboonf@fda.gov,United States,100.0
JTELIGING,jenda teligin,teligin,jenda,jteliging@mtv.com,Portugal,100.0
FWEHNERH,fin wehner,wehner,fin,fwehnerh@bbb.org,Indonesia,100.0
PDAMRELI,petunia damrel,damrel,petunia,pdamreli@devhub.com,China,100.0
EFRANCOISJ,erinn francois,francois,erinn,efrancoisj@wunderground.com,Indonesia,100.0
HMCNELISK,hephzibah mcnelis,mcnelis,hephzibah,hmcnelisk@dagondesign.com,Pakistan,100.0
LMONTIERL,loraine montier,montier,loraine,lmontierl@princeton.edu,United States,100.0
MDUTTM,maynard dutt,dutt,maynard,mduttm@t.co,Argentina,100.0
MSKEDN,matelda sked,sked,matelda,mskedn@google.pl,China,100.0
CBIRTCHNELLO,conney birtchnell,birtchnell,conney,cbirtchnello@house.gov,Senegal,100.0
MFLANDERSP,maiga flanders,flanders,maiga,mflandersp@japanpost.jp,Kenya,100.0
NPOPEQ,nari pope,pope,nari,npopeq@amazon.com,China,100.0
MREINISCHR,maureen reinisch,reinisch,maureen,mreinischr@statcounter.com,Poland,100.0
BCARDOOS,brennen cardoo,cardoo,brennen,bcardoos@google.ru,Niger,100.0
KELKINST,kaleena elkins,elkins,kaleena,kelkinst@statcounter.com,China,100.0
MKENRIGHTU,maegan kenright,kenright,maegan,mkenrightu@free.fr,China,100.0
AJENDRUSCHV,alysia jendrusch,jendrusch,alysia,ajendruschv@msu.edu,Indonesia,100.0
MBRADNOCKW,mechelle bradnock,bradnock,mechelle,mbradnockw@nydailynews.com,China,100.0
EMATZENX,emmet matzen,matzen,emmet,ematzenx@foxnews.com,Australia,100.0
FFELLINIY,filip fellini,fellini,filip,ffelliniy@si.edu,Portugal,100.0
PMATHEZ,pincas mathe,mathe,pincas,pmathez@google.de,China,100.0
VTOMICKI10,veradis tomicki,tomicki,veradis,vtomicki10@mozilla.org,Poland,100.0
RWISBY11,reinold wisby,wisby,reinold,rwisby11@simplemachines.org,China,100.0
BWERMERLING12,belicia wermerling,wermerling,belicia,bwermerling12@unblog.fr,Indonesia,100.0
MWADWORTH13,mercie wadworth,wadworth,mercie,mwadworth13@google.cn,Indonesia,100.0
SGOODLETT14,shani goodlett,goodlett,shani,sgoodlett14@omniture.com,Poland,100.0
LSPURETT15,lynnett spurett,spurett,lynnett,lspurett15@tumblr.com,Serbia,100.0
GCAWTHERA16,goldi cawthera,cawthera,goldi,gcawthera16@symantec.com,Philippines,100.0
ALACKINGTON17,arni lackington,lackington,arni,alackington17@t-online.de,Argentina,100.0
ACHITTIM18,agnola chittim,chittim,agnola,achittim18@hud.gov,Malaysia,100.0
IOLUNNY19,isa o'lunny,o'lunny,isa,iolunny19@bloglovin.com,Portugal,100.0
TMARRIAGE1A,tomlin marriage,marriage,tomlin,tmarriage1a@liveinternet.ru,China,100.0
CBLEES1B,claudia blees,blees,claudia,cblees1b@disqus.com,Russia,100.0
ALINZEY1C,avigdor linzey,linzey,avigdor,alinzey1c@miitbeian.gov.cn,Portugal,100.0
PEILHERSEN1D,port eilhersen,eilhersen,port,peilhersen1d@wiley.com,Philippines,100.0
WCOLAM1E,whitney colam,colam,whitney,wcolam1e@youku.com,Nigeria,100.0
ASAMBALS1F,amanda sambals,sambals,amanda,asambals1f@gov.uk,Canada,100.0
ABALDICK1G,aurelea baldick,baldick,aurelea,abaldick1g@dot.gov,Philippines,100.0
CMADOCJONES1H,carole madoc-jones,madoc-jones,carole,cmadocjones1h@csmonitor.com,Indonesia,100.0
GMCILVANEY1I,georgeanna mcilvaney,mcilvaney,georgeanna,gmcilvaney1i@example.com,Indonesia,100.0
ILARKKEM1J,ina larkkem,larkkem,ina,ilarkkem1j@seesaa.net,Greece,100.0
GDANIELSEN1K,guillemette danielsen,danielsen,guillemette,gdanielsen1k@a8.net,Poland,100.0
DBROCKINGTON1L,drake brockington,brockington,drake,dbrockington1l@webs.com,Croatia,100.0
SIBBETT1M,sharia ibbett,ibbett,sharia,sibbett1m@mapquest.com,Venezuela,100.0
GCOPPEARD1N,georgeanne coppeard,coppeard,georgeanne,gcoppeard1n@rakuten.co.jp,New Zealand,100.0
DCROSTON1O,darb croston,croston,darb,dcroston1o@japanpost.jp,Nepal,100.0
DDAVERAN1P,daniele daveran,daveran,daniele,ddaveran1p@discuz.net,Poland,100.0
PPERRELLI1Q,prince perrelli,perrelli,prince,pperrelli1q@spiegel.de,China,100.0
GEASMAN1R,gill easman,easman,gill,geasman1r@hud.gov,Greece,100.0
SODA1S,silas oda,oda,silas,soda1s@taobao.com,Comoros,100.0
SBURREL1T,stephani burrel,burrel,stephani,sburrel1t@mysql.com,Brazil,100.0
JSINSON1U,julee sinson,sinson,julee,jsinson1u@netlog.com,Indonesia,100.0
BOLOUGHANE1V,brandi o'loughane,o'loughane,brandi,boloughane1v@dell.com,Indonesia,100.0
NMAHEDY1W,newton mahedy,mahedy,newton,nmahedy1w@pinterest.com,Indonesia,100.0
JBYRE1X,josiah byre,byre,josiah,jbyre1x@nbcnews.com,China,100.0
AVIDO1Y,auroora vido,vido,auroora,avido1y@weather.com,Philippines,100.0
RWALLWORTH1Z,rubi wallworth,wallworth,rubi,rwallworth1z@naver.com,Chile,100.0
MANNAKIN20,montgomery annakin,annakin,montgomery,mannakin20@tmall.com,Haiti,100.0
NTOMAN21,nanni toman,toman,nanni,ntoman21@dropbox.com,China,100.0
KAIM22,kyle aim,aim,kyle,kaim22@alexa.com,Sudan,100.0
FKNIGHTSBRIDGE23,frannie knightsbridge,knightsbridge,frannie,fknightsbridge23@patch.com,Indonesia,100.0
VMIDDLEMIST24,valentin middlemist,middlemist,valentin,vmiddlemist24@weebly.com,Peru,100.0
DOGROGANE25,dan o'grogane,o'grogane,dan,dogrogane25@abc.net.au,Comoros,100.0
DSTOPHER26,dee stopher,stopher,dee,dstopher26@nhs.uk,Brazil,100.0
MTUE27,marty tue,tue,marty,mtue27@bravesites.com,China,100.0
MTOWS28,martica tows,tows,martica,mtows28@usa.gov,Ukraine,100.0
JDYERSON29,jacquie dyerson,dyerson,jacquie,jdyerson29@linkedin.com,Russia,100.0
LFILIPPO2A,lorraine filippo,filippo,lorraine,lfilippo2a@zdnet.com,China,100.0
OCHILLCOT2B,oralla chillcot,chillcot,oralla,ochillcot2b@samsung.com,Thailand,100.0
STINTON2C,sibelle tinton,tinton,sibelle,stinton2c@last.fm,Indonesia,100.0
NSIMONI2D,nanci simoni,simoni,nanci,nsimoni2d@ning.com,China,100.0
KBONICK2E,kamillah bonick,bonick,kamillah,kbonick2e@ocn.ne.jp,Colombia,100.0
SMATTIUSSI2F,swen mattiussi,mattiussi,swen,smattiussi2f@cisco.com,China,100.0
MHANRAHAN2G,marta hanrahan,hanrahan,marta,mhanrahan2g@furl.net,Indonesia,100.0
WKEMBRY2H,wynn kembry,kembry,wynn,wkembry2h@clickbank.net,China,100.0
LKILGOUR2I,linell kilgour,kilgour,linell,lkilgour2i@free.fr,China,100.0
JBRAM2J,janos bram,bram,janos,jbram2j@gravatar.com,Morocco,100.0
THADCROFT2K,tobi hadcroft,hadcroft,tobi,thadcroft2k@github.com,North Korea,100.0
BMCCARLICH2L,boycie mccarlich,mccarlich,boycie,bmccarlich2l@sakura.ne.jp,Japan,100.0
HCAMOIS2M,hashim camois,camois,hashim,hcamois2m@odnoklassniki.ru,Armenia,100.0
CNAPER2N,claudius naper,naper,claudius,cnaper2n@dedecms.com,Japan,100.0
KJEANDEL2O,kynthia jeandel,jeandel,kynthia,kjeandel2o@cisco.com,Poland,100.0
GAMBROIX2P,gardie ambroix,ambroix,gardie,gambroix2p@upenn.edu,China,100.0
NSLIPPER2Q,normie slipper,slipper,normie,nslipper2q@weebly.com,Russia,100.0
GAYLIFFE2R,godfry ayliffe,ayliffe,godfry,gayliffe2r@buzzfeed.com,Afghanistan,100.0
PFENICH2S,philippa fenich,fenich,philippa,pfenich2s@stanford.edu,Poland,100.0
JPARFETT2T,joby parfett,parfett,joby,jparfett2t@odnoklassniki.ru,Kazakhstan,100.0
CFEIGHRY2U,charo feighry,feighry,charo,cfeighry2u@cnet.com,Israel,100.0
ACRAMPHORN2V,aldo cramphorn,cramphorn,aldo,acramphorn2v@goo.gl,China,100.0
SAYNSCOMBE2W,sigismondo aynscombe,aynscombe,sigismondo,saynscombe2w@gov.uk,China,100.0
TACKENHEAD2X,thadeus ackenhead,ackenhead,thadeus,tackenhead2x@google.com.br,Brazil,100.0
MLOVEREDGE2Y,mohandas loveredge,loveredge,mohandas,mloveredge2y@nasa.gov,Poland,100.0
EESKRIGG2Z,edwin eskrigg,eskrigg,edwin,eeskrigg2z@dagondesign.com,Indonesia,100.0
LEASTMAN30,lee eastman,eastman,lee,leastman30@issuu.com,Ukraine,100.0
JCRITZEN31,jilly critzen,critzen,jilly,jcritzen31@dyndns.org,Pakistan,100.0
MAYLIFF32,marabel ayliff,ayliff,marabel,mayliff32@berkeley.edu,Kazakhstan,100.0
JHALBURTON33,jennine halburton,halburton,jennine,jhalburton33@tuttocitta.it,Nigeria,100.0
JDALLAS34,joshia dallas,dallas,joshia,jdallas34@cloudflare.com,Vietnam,100.0
TFARNHILL35,thacher farnhill,farnhill,thacher,tfarnhill35@npr.org,Croatia,100.0
AREVELEY36,addi reveley,reveley,addi,areveley36@weebly.com,China,100.0
OBRAME37,ole brame,brame,ole,obrame37@usnews.com,China,100.0
BSYDDON38,beth syddon,syddon,beth,bsyddon38@howstuffworks.com,Brazil,100.0
FSMAIL39,franny smail,smail,franny,fsmail39@addtoany.com,Brazil,100.0
FGRZESIEWICZ3A,frederique grzesiewicz,grzesiewicz,frederique,fgrzesiewicz3a@tinyurl.com,Indonesia,100.0
JJOLLIE3B,jayme jollie,jollie,jayme,jjollie3b@discovery.com,Indonesia,100.0
RABRAMOWSKY3C,robyn abramowsky,abramowsky,robyn,rabramowsky3c@mysql.com,Russia,100.0
KBARLACE3D,kerri barlace,barlace,kerri,kbarlace3d@hc360.com,Indonesia,100.0
LTREEBY3E,louisa treeby,treeby,louisa,ltreeby3e@sbwire.com,Bolivia,100.0
LMARLEN3F,lauretta marlen,marlen,lauretta,lmarlen3f@marketwatch.com,Russia,100.0
HSALZEN3G,ham salzen,salzen,ham,hsalzen3g@engadget.com,Indonesia,100.0
JAYSH3H,jeri aysh,aysh,jeri,jaysh3h@github.io,United States,100.0
LJIROUTKA3I,lise jiroutka,jiroutka,lise,ljiroutka3i@twitter.com,United States,100.0
OSCRINE3J,orelia scrine,scrine,orelia,oscrine3j@forbes.com,Democratic Republic of the Congo,100.0
SLORRIMAN3K,shanie lorriman,lorriman,shanie,slorriman3k@smugmug.com,Russia,100.0
KMEDWELL3L,karna medwell,medwell,karna,kmedwell3l@illinois.edu,Czech Republic,100.0
LBIAGGI3M,luciano biaggi,biaggi,luciano,lbiaggi3m@studiopress.com,China,100.0
LFRANCOM3N,lissy francom,francom,lissy,lfrancom3n@nytimes.com,Philippines,100.0
CROMER3O,caz romer,romer,caz,cromer3o@ox.ac.uk,Iran,100.0
PSPAREY3P,pooh sparey,sparey,pooh,psparey3p@umn.edu,Russia,100.0
OPOSSA3Q,orran possa,possa,orran,opossa3q@etsy.com,Hungary,100.0
MDARKER3R,margarethe darker,darker,margarethe,mdarker3r@who.int,Indonesia,100.0
LSHIPPERBOTTOM3S,lily shipperbottom,shipperbottom,lily,lshipperbottom3s@qq.com,Serbia,100.0
GSEAMAN3T,garey seaman,seaman,garey,gseaman3t@meetup.com,Brazil,100.0
MWELLER3U,meara weller,weller,meara,mweller3u@apple.com,Sweden,100.0
OMANILOVE3V,ode manilove,manilove,ode,omanilove3v@gizmodo.com,Poland,100.0
IDUESBURY3W,israel duesbury,duesbury,israel,iduesbury3w@imgur.com,China,100.0
IFULLICK3X,itch fullick,fullick,itch,ifullick3x@photobucket.com,China,100.0
KKNEEL3Y,karel kneel,kneel,karel,kkneel3y@last.fm,Brazil,100.0
MBOATER3Z,mae boater,boater,mae,mboater3z@timesonline.co.uk,Mexico,100.0
CLASSLETT40,corette lasslett,lasslett,corette,classlett40@ftc.gov,Afghanistan,100.0
NAINGER41,nola ainger,ainger,nola,nainger41@bloglovin.com,Afghanistan,100.0
RGODIN42,rudiger godin,godin,rudiger,rgodin42@unicef.org,Cambodia,100.0
LDREWRY43,larry drewry,drewry,larry,ldrewry43@dyndns.org,Colombia,100.0
AMOWLAM44,alessandro mowlam,mowlam,alessandro,amowlam44@nationalgeographic.com,Grenada,100.0
RWHARF45,reggis wharf,wharf,reggis,rwharf45@webs.com,Honduras,100.0
LSTERKE46,lydia sterke,sterke,lydia,lsterke46@about.com,Poland,100.0
EMCASTER47,elysee mcaster,mcaster,elysee,emcaster47@sciencedirect.com,Peru,100.0
LMOODY48,lay moody,moody,lay,lmoody48@statcounter.com,Indonesia,100.0
MNYLAND49,melania nyland,nyland,melania,mnyland49@shop-pro.jp,Indonesia,100.0
MCLUFF4A,michael cluff,cluff,michael,mcluff4a@reddit.com,Dominican Republic,100.0
KSILK4B,kevyn silk,silk,kevyn,ksilk4b@wunderground.com,Malaysia,100.0
RSCHOTT4C,ronnie schott,schott,ronnie,rschott4c@addtoany.com,Ukraine,100.0
KPOWLAND4D,kent powland,powland,kent,kpowland4d@mayoclinic.com,Cyprus,100.0
GBURCHER4E,gery burcher,burcher,gery,gburcher4e@gizmodo.com,Philippines,100.0
DMERRIKIN4F,darrel merrikin,merrikin,darrel,dmerrikin4f@ebay.com,Russia,100.0
FVERHEIJDEN4G,fonsie verheijden,verheijden,fonsie,fverheijden4g@indiegogo.com,Indonesia,100.0
LBAGSTER4H,laney bagster,bagster,laney,lbagster4h@berkeley.edu,Gambia,100.0
MDACOMBE4I,mirabelle dacombe,dacombe,mirabelle,mdacombe4i@friendfeed.com,Philippines,100.0
EPICKAVER4J,elva pickaver,pickaver,elva,epickaver4j@imdb.com,Brazil,100.0
JFORSON4K,jewell forson,forson,jewell,jforson4k@comcast.net,Brazil,100.0
MPETTISALL4L,marty pettisall,pettisall,marty,mpettisall4l@economist.com,Russia,100.0
GSEER4M,gertrudis seer,seer,gertrudis,gseer4m@pbs.org,Malaysia,100.0
OMCOWAN4N,ossie mcowan,mcowan,ossie,omcowan4n@fc2.com,China,100.0
MBROOKFIELD4O,markus brookfield,brookfield,markus,mbrookfield4o@abc.net.au,Thailand,100.0
LBULLED4P,leora bulled,bulled,leora,lbulled4p@zimbio.com,Indonesia,100.0
ZSCALES4Q,zondra scales,scales,zondra,zscales4q@webnode.com,Portugal,100.0
BSAILOR4R,bentlee sailor,sailor,bentlee,bsailor4r@ftc.gov,Gabon,100.0
FKERSHAW4S,findlay kershaw,kershaw,findlay,fkershaw4s@cnn.com,Poland,100.0
WUNGARETTI4T,waneta ungaretti,ungaretti,waneta,wungaretti4t@eventbrite.com,Mexico,100.0
REUELS4U,roseanna euels,euels,roseanna,reuels4u@merriam-webster.com,Malta,100.0
RTIRON4V,rosanna tiron,tiron,rosanna,rtiron4v@nsw.gov.au,Mongolia,100.0
BMATANIN4W,blaine matanin,matanin,blaine,bmatanin4w@photobucket.com,China,100.0
VCHASIER4X,valera chasier,chasier,valera,vchasier4x@ca.gov,Faroe Islands,100.0
DREVINGTON4Y,delphine revington,revington,delphine,drevington4y@newyorker.com,Afghanistan,100.0
VMALLARD4Z,vinson mallard,mallard,vinson,vmallard4z@pcworld.com,China,100.0
JCOCKILL50,junette cockill,cockill,junette,jcockill50@narod.ru,Indonesia,100.0
FTOYER51,felicdad toyer,toyer,felicdad,ftoyer51@123-reg.co.uk,Russia,100.0
ASKETH52,angelique sketh,sketh,angelique,asketh52@fastcompany.com,Peru,100.0
GPONCET53,greer poncet,poncet,greer,gponcet53@engadget.com,France,100.0
KFAWTHROP54,kay fawthrop,fawthrop,kay,kfawthrop54@admin.ch,Angola,100.0
DGRAVET55,davy gravet,gravet,davy,dgravet55@technorati.com,United States,100.0
FGRAFOM56,fredrika grafom,grafom,fredrika,fgrafom56@paypal.com,Pakistan,100.0
RCOATHAM57,raul coatham,coatham,raul,rcoatham57@wisc.edu,Portugal,100.0
BWORKMAN58,berri workman,workman,berri,bworkman58@nydailynews.com,China,100.0
MCUZEN59,maximo cuzen,cuzen,maximo,mcuzen59@ihg.com,China,100.0
DOXNAM5A,danette oxnam,oxnam,danette,doxnam5a@mozilla.org,Czech Republic,100.0
FBARTOSCH5B,frieda bartosch,bartosch,frieda,fbartosch5b@linkedin.com,Germany,100.0
WMACELROY5C,willa macelroy,macelroy,willa,wmacelroy5c@a8.net,Poland,100.0
JGORDEN5D,jarret gorden,gorden,jarret,jgorden5d@zimbio.com,Greece,100.0
WGOMEZ5E,winnifred gomez,gomez,winnifred,wgomez5e@hexun.com,Russia,100.0
CHAYSMAN5F,charline haysman,haysman,charline,chaysman5f@usa.gov,Honduras,100.0
GYAIR5G,gabbey yair,yair,gabbey,gyair5g@icq.com,China,100.0
JWEBLING5H,justino webling,webling,justino,jwebling5h@dropbox.com,Iran,100.0
ADE5I,aluin de nisco,de nisco,aluin,ade5i@samsung.com,China,100.0
CGODLEY5J,ciro godley,godley,ciro,cgodley5j@phpbb.com,Portugal,100.0
BEADES5K,barb eades,eades,barb,beades5k@ask.com,Czech Republic,100.0
TREINBECK5L,tessi reinbeck,reinbeck,tessi,treinbeck5l@usatoday.com,Russia,100.0
GEGGLESTON5M,guendolen eggleston,eggleston,guendolen,geggleston5m@jiathis.com,Indonesia,100.0
EALEKSANDROV5N,evanne aleksandrov,aleksandrov,evanne,ealeksandrov5n@artisteer.com,China,100.0
MCORSSEN5O,minerva corssen,corssen,minerva,mcorssen5o@diigo.com,Sweden,100.0
CLASTY5P,chaddy lasty,lasty,chaddy,clasty5p@hostgator.com,Indonesia,100.0
TMAYALL5Q,theodoric mayall,mayall,theodoric,tmayall5q@tinypic.com,Malaysia,100.0
MGAVAGHAN5R,marcel gavaghan,gavaghan,marcel,mgavaghan5r@123-reg.co.uk,Slovenia,100.0
GMIDDLEWICK5S,gabey middlewick,middlewick,gabey,gmiddlewick5s@abc.net.au,China,100.0
JJEPP5T,jessa jepp,jepp,jessa,jjepp5t@miitbeian.gov.cn,Indonesia,100.0
RBAU5U,roselia bau,bau,roselia,rbau5u@harvard.edu,Micronesia,100.0
MDEROCHE5V,mada deroche,deroche,mada,mderoche5v@123-reg.co.uk,Indonesia,100.0
MPICKEN5W,merrel picken,picken,merrel,mpicken5w@google.com.br,Poland,100.0
DTOURNAY5X,debby tournay,tournay,debby,dtournay5x@nba.com,Poland,100.0
GHARUARD5Y,gene haruard,haruard,gene,gharuard5y@phoca.cz,Philippines,100.0
GPRYELL5Z,gregoor pryell,pryell,gregoor,gpryell5z@yellowpages.com,Vietnam,100.0
FBUGG60,ferguson bugg,bugg,ferguson,fbugg60@vk.com,Nigeria,100.0
MUPJOHN61,mary upjohn,upjohn,mary,mupjohn61@mlb.com,Kenya,100.0
JDANTONIO62,jedediah d'antonio,d'antonio,jedediah,jdantonio62@cnbc.com,Yemen,100.0
CHEMERIJK63,cicily hemerijk,hemerijk,cicily,chemerijk63@hugedomains.com,Japan,100.0
MGRESCHKE64,marthena greschke,greschke,marthena,mgreschke64@ask.com,China,100.0
WULYATT65,ward ulyatt,ulyatt,ward,wulyatt65@spiegel.de,France,100.0
IARROWSMITH66,igor arrowsmith,arrowsmith,igor,iarrowsmith66@nih.gov,Indonesia,100.0
ESTIVANI67,estrella stivani,stivani,estrella,estivani67@technorati.com,Portugal,100.0
WLAMPERT68,wain lampert,lampert,wain,wlampert68@digg.com,Thailand,100.0
AMINGARDI69,artie mingardi,mingardi,artie,amingardi69@si.edu,Russia,100.0
GDOVEY6A,gilberta dovey,dovey,gilberta,gdovey6a@qq.com,Russia,100.0
APETHERICK6B,alf petherick,petherick,alf,apetherick6b@howstuffworks.com,Indonesia,100.0
HPERES6C,harmony peres,peres,harmony,hperes6c@furl.net,Poland,100.0
ISTANELAND6D,ira staneland,staneland,ira,istaneland6d@slashdot.org,Chile,100.0
FSCUTT6E,franzen scutt,scutt,franzen,fscutt6e@smugmug.com,Honduras,100.0
BMOORE6F,benyamin moore,moore,benyamin,bmoore6f@cafepress.com,China,100.0
BFUNDELL6G,beitris fundell,fundell,beitris,bfundell6g@ebay.co.uk,China,100.0
TFOORT6H,thorin foort,foort,thorin,tfoort6h@unblog.fr,China,100.0
WTIDD6I,wells tidd,tidd,wells,wtidd6i@sogou.com,Thailand,100.0
DFAYERMAN6J,dareen fayerman,fayerman,dareen,dfayerman6j@vistaprint.com,Philippines,100.0
GPENTON6K,grenville penton,penton,grenville,gpenton6k@mashable.com,Indonesia,100.0
ASIDDLE6L,abby siddle,siddle,abby,asiddle6l@angelfire.com,Brazil,100.0
PSMALCOMBE6M,pip smalcombe,smalcombe,pip,psmalcombe6m@jugem.jp,Portugal,100.0
GBRUHKE6N,gloria bruhke,bruhke,gloria,gbruhke6n@illinois.edu,Russia,100.0
LBLINT6O,lilia blint,blint,lilia,lblint6o@soundcloud.com,Nicaragua,100.0
BWELBERRY6P,barbette welberry,welberry,barbette,bwelberry6p@jugem.jp,Philippines,100.0
AFOSTERSMITH6Q,axel foster-smith,foster-smith,axel,afostersmith6q@comsenz.com,Sweden,100.0
MMACFADYEN6R,melodie macfadyen,macfadyen,melodie,mmacfadyen6r@wired.com,Greece,100.0
RJELK6S,ricca jelk,jelk,ricca,rjelk6s@github.com,Sri Lanka,100.0
HLUDEE6T,hermann ludee,ludee,hermann,hludee6t@nationalgeographic.com,Greece,100.0
FZAVITTIERI6U,freddie zavittieri,zavittieri,freddie,fzavittieri6u@yolasite.com,China,100.0
VOSSULTON6V,vivyanne ossulton,ossulton,vivyanne,vossulton6v@jigsy.com,Philippines,100.0
ZBEWLEY6W,zabrina bewley,bewley,zabrina,zbewley6w@hugedomains.com,China,100.0
TKELMERE6X,trueman kelmere,kelmere,trueman,tkelmere6x@globo.com,Sri Lanka,100.0
ADOWSE6Y,annalise dowse,dowse,annalise,adowse6y@aboutads.info,France,100.0
GMINSHULL6Z,geri minshull,minshull,geri,gminshull6z@imageshack.us,Japan,100.0
BBENZIES70,becki benzies,benzies,becki,bbenzies70@timesonline.co.uk,Serbia,100.0
AVASILMANOV71,allyce vasilmanov,vasilmanov,allyce,avasilmanov71@yale.edu,China,100.0
BCLAPISON72,blondie clapison,clapison,blondie,bclapison72@yelp.com,Cuba,100.0
KSCHOPS73,karlyn schops,schops,karlyn,kschops73@shutterfly.com,Russia,100.0
RDUMPER74,rosabella dumper,dumper,rosabella,rdumper74@google.nl,Peru,100.0
GPEART75,geoffry peart,peart,geoffry,gpeart75@amazon.co.uk,Brazil,100.0
SSONGUST76,shaine songust,songust,shaine,ssongust76@ucla.edu,Canada,100.0
CBAUDACCI77,cammi baudacci,baudacci,cammi,cbaudacci77@discovery.com,Lithuania,100.0
EDE78,evonne de la salle,de la salle,evonne,ede78@imgur.com,China,100.0
NDAENEN79,neddy daenen,daenen,neddy,ndaenen79@t-online.de,China,100.0
ISIMESTER7A,iver simester,simester,iver,isimester7a@live.com,Philippines,100.0
LSTOBBE7B,lezlie stobbe,stobbe,lezlie,lstobbe7b@soundcloud.com,Belarus,100.0
BDURTNELL7C,barb durtnell,durtnell,barb,bdurtnell7c@mediafire.com,Czech Republic,100.0
YMEGAINEY7D,yolanthe megainey,megainey,yolanthe,ymegainey7d@geocities.com,China,100.0
JSCHECHTER7E,julee schechter,schechter,julee,jschechter7e@independent.co.uk,Sweden,100.0
WBRITON7F,walton briton,briton,walton,wbriton7f@yandex.ru,Ireland,100.0
KJERZAK7G,kathleen jerzak,jerzak,kathleen,kjerzak7g@drupal.org,France,100.0
FQUEENBOROUGH7H,farrel queenborough,queenborough,farrel,fqueenborough7h@123-reg.co.uk,Afghanistan,100.0
LCUTMARE7I,lanny cutmare,cutmare,lanny,lcutmare7i@oaic.gov.au,Morocco,100.0
ABULLEN7J,alethea bullen,bullen,alethea,abullen7j@infoseek.co.jp,China,100.0
SFRANSONI7K,spenser fransoni,fransoni,spenser,sfransoni7k@wunderground.com,China,100.0
CTATEM7L,charline tatem,tatem,charline,ctatem7l@slashdot.org,Greece,100.0
EPRIVOST7M,ewart privost,privost,ewart,eprivost7m@php.net,Brazil,100.0
WBUSSON7N,wilona busson,busson,wilona,wbusson7n@salon.com,Hungary,100.0
HTUTTIETT7O,holmes tuttiett,tuttiett,holmes,htuttiett7o@digg.com,Bosnia and Herzegovina,100.0
RDUCKHAM7P,roxi duckham,duckham,roxi,rduckham7p@walmart.com,Israel,100.0
EHOWSELEE7Q,emlynn howselee,howselee,emlynn,ehowselee7q@patch.com,Brazil,100.0
NCHISMAN7R,nickolai chisman,chisman,nickolai,nchisman7r@merriam-webster.com,Czech Republic,100.0
GPEMBRIDGE7S,gawen pembridge,pembridge,gawen,gpembridge7s@discovery.com,United States,100.0
TADDYMAN7T,tamarah addyman,addyman,tamarah,taddyman7t@issuu.com,China,100.0
JORD7U,jillayne ord,ord,jillayne,jord7u@github.com,United States,100.0
NGERWOOD7V,niles gerwood,gerwood,niles,ngerwood7v@archive.org,China,100.0
BPOPE7W,batsheva pope,pope,batsheva,bpope7w@networksolutions.com,Philippines,100.0
JBELLEE7X,jere bellee,bellee,jere,jbellee7x@sitemeter.com,Tuvalu,100.0
WWHEATLAND7Y,wallie wheatland,wheatland,wallie,wwheatland7y@opensource.org,Indonesia,100.0
MPESTICCIO7Z,malynda pesticcio,pesticcio,malynda,mpesticcio7z@instagram.com,Hungary,100.0
ASHOVELL80,alwyn shovell,shovell,alwyn,ashovell80@fda.gov,Swaziland,100.0
BHAGGIDON81,bernie haggidon,haggidon,bernie,bhaggidon81@pinterest.com,Indonesia,100.0
BLOWINGS82,beatriz lowings,lowings,beatriz,blowings82@wired.com,Portugal,100.0
CLOVETT83,charita lovett,lovett,charita,clovett83@skyrock.com,Jordan,100.0
SDOERLING84,saw doerling,doerling,saw,sdoerling84@marketwatch.com,Poland,100.0
AMAUSER85,anderson mauser,mauser,anderson,amauser85@weather.com,Pakistan,100.0
VTOUROT86,valenka tourot,tourot,valenka,vtourot86@wired.com,Poland,100.0
GSCHIROK87,giana schirok,schirok,giana,gschirok87@dagondesign.com,Japan,100.0
OHEATHORN88,orly heathorn,heathorn,orly,oheathorn88@patch.com,China,100.0
DANDREONE89,dulcie andreone,andreone,dulcie,dandreone89@ox.ac.uk,China,100.0
RNEQUEST8A,riccardo nequest,nequest,riccardo,rnequest8a@google.it,Mongolia,100.0
CCARTMER8B,cathrin cartmer,cartmer,cathrin,ccartmer8b@alibaba.com,China,100.0
UDENCS8C,urbain dencs,dencs,urbain,udencs8c@yellowpages.com,Ethiopia,100.0
AVERNER8D,arvie verner,verner,arvie,averner8d@washington.edu,United States,100.0
ABOECK8E,alan boeck,boeck,alan,aboeck8e@wikipedia.org,Portugal,100.0
KHORSTEAD8F,karil horstead,horstead,karil,khorstead8f@oaic.gov.au,Uruguay,100.0
RGILDEA8G,rory gildea,gildea,rory,rgildea8g@seattletimes.com,Colombia,100.0
TDURAND8H,tull durand,durand,tull,tdurand8h@state.gov,Portugal,100.0
KDOMINGUES8I,katerine domingues,domingues,katerine,kdomingues8i@bing.com,Indonesia,100.0
RFLEY8J,rhett fley,fley,rhett,rfley8j@yellowbook.com,Jordan,100.0
JITSCOVITZ8K,joye itscovitz,itscovitz,joye,jitscovitz8k@netvibes.com,Indonesia,100.0
HRANKCOM8L,halsy rankcom,rankcom,halsy,hrankcom8l@deliciousdays.com,Greece,100.0
DSEXON8M,dollie sexon,sexon,dollie,dsexon8m@vkontakte.ru,France,100.0
TBRYDEN8N,tybalt bryden,bryden,tybalt,tbryden8n@friendfeed.com,Indonesia,100.0
BHALFORD8O,beck halford,halford,beck,bhalford8o@ycombinator.com,Philippines,100.0
RBRYMNER8P,rayshell brymner,brymner,rayshell,rbrymner8p@tamu.edu,Ukraine,100.0
CBLAMEY8Q,coleen blamey,blamey,coleen,cblamey8q@php.net,Nigeria,100.0
AIVE8R,archer ive,ive,archer,aive8r@nytimes.com,Portugal,100.0
AGROLL8S,artemis groll,groll,artemis,agroll8s@fema.gov,Ecuador,100.0
MTRIBBLE8T,mariette tribble,tribble,mariette,mtribble8t@amazonaws.com,Philippines,100.0
JBEHNE8U,joyce behne,behne,joyce,jbehne8u@eventbrite.com,Poland,100.0
AOTTERY8V,audie ottery,ottery,audie,aottery8v@businesswire.com,Bulgaria,100.0
WAXCEL8W,waldo axcel,axcel,waldo,waxcel8w@gmpg.org,Argentina,100.0
LMCHARRY8X,lefty mcharry,mcharry,lefty,lmcharry8x@uol.com.br,Colombia,100.0
HASHPITAL8Y,heall ashpital,ashpital,heall,hashpital8y@toplist.cz,Peru,100.0
EYERRALL8Z,ezekiel yerrall,yerrall,ezekiel,eyerrall8z@cdc.gov,Ukraine,100.0
DCOULTARD90,dallas coultard,coultard,dallas,dcoultard90@nps.gov,Macedonia,100.0
YATTHOW91,yardley atthow,atthow,yardley,yatthow91@fotki.com,Equatorial Guinea,100.0
LRAVEN92,liz raven,raven,liz,lraven92@so-net.ne.jp,Indonesia,100.0
KNILLES93,kalina nilles,nilles,kalina,knilles93@jugem.jp,Philippines,100.0
SSTOCKPORT94,stafford stockport,stockport,stafford,sstockport94@cmu.edu,Poland,100.0
APINWELL95,abigael pinwell,pinwell,abigael,apinwell95@omniture.com,Indonesia,100.0
JDOBER96,jobi dober,dober,jobi,jdober96@cnet.com,China,100.0
WNORWICH97,wash norwich,norwich,wash,wnorwich97@photobucket.com,United States,100.0
KMCGUCKEN98,kamillah mcgucken,mcgucken,kamillah,kmcgucken98@cargocollective.com,Spain,100.0
PRATHJEN99,paige rathjen,rathjen,paige,prathjen99@twitpic.com,Argentina,100.0
PLEIDL9A,phylys leidl,leidl,phylys,pleidl9a@biblegateway.com,Ukraine,100.0
CCHMIEL9B,clarine chmiel,chmiel,clarine,cchmiel9b@google.de,Sweden,100.0
MIZAKOF9C,murdoch izakof,izakof,murdoch,mizakof9c@stanford.edu,United States,100.0
RFIELLER9D,roxine fieller,fieller,roxine,rfieller9d@nydailynews.com,North Korea,100.0
JMEAKER9E,jilleen meaker,meaker,jilleen,jmeaker9e@guardian.co.uk,Indonesia,100.0
MISMEAD9F,myrta ismead,ismead,myrta,mismead9f@biblegateway.com,United States,100.0
HPHIPPIN9G,harlin phippin,phippin,harlin,hphippin9g@google.pl,Chile,100.0
LNURDEN9H,lezley nurden,nurden,lezley,lnurden9h@yale.edu,Portugal,100.0
AMAXFIELD9I,albertina maxfield,maxfield,albertina,amaxfield9i@nifty.com,Croatia,100.0
RGILLIGAN9J,robenia gilligan,gilligan,robenia,rgilligan9j@businesswire.com,Tanzania,100.0
SLHOMMEAU9K,stanly l'hommeau,l'hommeau,stanly,slhommeau9k@nps.gov,Indonesia,100.0
GTAUNTON9L,giorgio taunton,taunton,giorgio,gtaunton9l@youtu.be,China,100.0
HASHWIN9M,herculie ashwin,ashwin,herculie,hashwin9m@nbcnews.com,Hungary,100.0
DNULTY9N,demetra nulty,nulty,demetra,dnulty9n@vinaora.com,China,100.0
LKIRLEY9O,link kirley,kirley,link,lkirley9o@istockphoto.com,Peru,100.0
ELEHRAHAN9P,elden lehrahan,lehrahan,elden,elehrahan9p@uol.com.br,China,100.0
DKEATING9Q,darryl keating,keating,darryl,dkeating9q@omniture.com,Guatemala,100.0
IFELDBERGER9R,isabelle feldberger,feldberger,isabelle,ifeldberger9r@yahoo.co.jp,Cameroon,100.0
CJAGIELSKI9S,cookie jagielski,jagielski,cookie,cjagielski9s@independent.co.uk,Madagascar,100.0
MGRENEHAM9T,myrlene greneham,greneham,myrlene,mgreneham9t@artisteer.com,Canada,100.0
TTUTT9U,thacher tutt,tutt,thacher,ttutt9u@exblog.jp,Myanmar,100.0
CTREVEN9V,chastity treven,treven,chastity,ctreven9v@scribd.com,Greece,100.0
KPLENDERLEITH9W,kalindi plenderleith,plenderleith,kalindi,kplenderleith9w@studiopress.com,China,100.0
ECORROYER9X,edin corroyer,corroyer,edin,ecorroyer9x@icq.com,Peru,100.0
SSAYERS9Y,stinky sayers,sayers,stinky,ssayers9y@ameblo.jp,China,100.0
DREDDECLIFFE9Z,doe reddecliffe,reddecliffe,doe,dreddecliffe9z@google.ca,Netherlands,100.0
TERSWELLA0,torrey erswell,erswell,torrey,terswella0@hatena.ne.jp,Nigeria,100.0
FLORTZA1,frances lortz,lortz,frances,flortza1@w3.org,China,100.0
AOLESZKIEWICZA2,adela oleszkiewicz,oleszkiewicz,adela,aoleszkiewicza2@howstuffworks.com,Brazil,100.0
LCARDALLA3,lefty cardall,cardall,lefty,lcardalla3@seesaa.net,China,100.0
CSTAZIKERA4,celie staziker,staziker,celie,cstazikera4@bloglovin.com,Poland,100.0
IZOANETTIA5,ilyse zoanetti,zoanetti,ilyse,izoanettia5@webnode.com,China,100.0
FEAGANA6,fina eagan,eagan,fina,feagana6@howstuffworks.com,Colombia,100.0
EGLENDININGA7,elyse glendining,glendining,elyse,eglendininga7@un.org,Philippines,100.0
CSEAGARA8,charis seagar,seagar,charis,cseagara8@linkedin.com,Poland,100.0
RHENWORTHA9,ricca henworth,henworth,ricca,rhenwortha9@vinaora.com,Canada,100.0
OCORNBELLAA,oran cornbell,cornbell,oran,ocornbellaa@paypal.com,Dominican Republic,100.0
PGARWOODAB,phoebe garwood,garwood,phoebe,pgarwoodab@ifeng.com,Yemen,100.0
AGINGLELLAC,abe ginglell,ginglell,abe,aginglellac@istockphoto.com,China,100.0
JPIMMOCKEAD,jolene pimmocke,pimmocke,jolene,jpimmockead@alexa.com,Russia,100.0
MTWIGGEAE,merwyn twigge,twigge,merwyn,mtwiggeae@seesaa.net,Nigeria,100.0
KSMEEDAF,kaycee smeed,smeed,kaycee,ksmeedaf@independent.co.uk,China,100.0
YMOUSLEYAG,yancey mousley,mousley,yancey,ymousleyag@cafepress.com,Tajikistan,100.0
BKLIMESAH,bradley klimes,klimes,bradley,bklimesah@yale.edu,Indonesia,100.0
DDEFRAINEAI,darn defraine,defraine,darn,ddefraineai@oracle.com,Portugal,100.0
UBALLINGALAJ,ulric ballingal,ballingal,ulric,uballingalaj@liveinternet.ru,Ukraine,100.0
RBETTANEYAK,reena bettaney,bettaney,reena,rbettaneyak@whitehouse.gov,China,100.0
TKEYAL,tami key,key,tami,tkeyal@mit.edu,Greece,100.0
ZDUDGEONAM,zia dudgeon,dudgeon,zia,zdudgeonam@globo.com,Colombia,100.0
MDEAN,marissa de carlo,de carlo,marissa,mdean@sohu.com,Indonesia,100.0
THARLETTAO,tersina harlett,harlett,tersina,tharlettao@nytimes.com,China,100.0
ARANKLINAP,allsun ranklin,ranklin,allsun,aranklinap@nydailynews.com,Indonesia,100.0
MLEAQ,masha le blanc,le blanc,masha,mleaq@washington.edu,Saudi Arabia,100.0
TTHRUSSELLAR,tabor thrussell,thrussell,tabor,tthrussellar@admin.ch,Philippines,100.0
SWHOTTONAS,sloane whotton,whotton,sloane,swhottonas@cbslocal.com,Czech Republic,100.0
FBEERTAT,francesco beert,beert,francesco,fbeertat@buzzfeed.com,Central African Republic,100.0
HKENSLEYAU,hillary kensley,kensley,hillary,hkensleyau@wired.com,Indonesia,100.0
CSKYLETTAV,chloe skylett,skylett,chloe,cskylettav@si.edu,Philippines,100.0
AVICTORAW,audrye victor,victor,audrye,avictoraw@fema.gov,Russia,100.0
KHANNEYAX,kikelia hanney,hanney,kikelia,khanneyax@tinypic.com,Costa Rica,100.0
HWITTENAY,hoebart witten,witten,hoebart,hwittenay@hao123.com,China,100.0
ISIRRAZ,isidore sirr,sirr,isidore,isirraz@amazon.de,China,100.0
BEYNONB0,brenden eynon,eynon,brenden,beynonb0@a8.net,United States,100.0
SBUNCEB1,sharyl bunce,bunce,sharyl,sbunceb1@chronoengine.com,China,100.0
OITSCHAKOVB2,orsa itschakov,itschakov,orsa,oitschakovb2@canalblog.com,Brazil,100.0
RPARTKYAB3,reggie partkya,partkya,reggie,rpartkyab3@uiuc.edu,Spain,100.0
LJAYB4,lucita jay,jay,lucita,ljayb4@independent.co.uk,Greece,100.0
AYEARNEB5,adrien yearne,yearne,adrien,ayearneb5@fema.gov,Indonesia,100.0
DJOUANNOTB6,devinne jouannot,jouannot,devinne,djouannotb6@bluehost.com,Indonesia,100.0
LSTOKEB7,lazaro stoke,stoke,lazaro,lstokeb7@ifeng.com,Indonesia,100.0
SFILCHAKOVB8,salim filchakov,filchakov,salim,sfilchakovb8@biblegateway.com,Yemen,100.0
SRENNOCKSB9,susy rennocks,rennocks,susy,srennocksb9@chron.com,Morocco,100.0
GPENNACCIBA,gwendolin pennacci,pennacci,gwendolin,gpennacciba@nps.gov,Malaysia,100.0
GWATERLANDBB,gaston waterland,waterland,gaston,gwaterlandbb@hatena.ne.jp,Philippines,100.0
MGOSSIPINBC,marilee gossipin,gossipin,marilee,mgossipinbc@state.tx.us,Ivory Coast,100.0
SCOMPORTBD,stillmann comport,comport,stillmann,scomportbd@amazon.co.jp,Poland,100.0
MLYMBOURNEBE,merv lymbourne,lymbourne,merv,mlymbournebe@multiply.com,China,100.0
GMARNERBF,godwin marner,marner,godwin,gmarnerbf@army.mil,Pakistan,100.0
KSKRYNEBG,kattie skryne,skryne,kattie,kskrynebg@bravesites.com,China,100.0
LBICKERBH,leonora bicker,bicker,leonora,lbickerbh@fotki.com,Indonesia,100.0
JFITTBI,juieta fitt,fitt,juieta,jfittbi@java.com,Poland,100.0
KBOWSHIREBJ,katee bowshire,bowshire,katee,kbowshirebj@loc.gov,Poland,100.0
PGRONNOBK,petrina gronno,gronno,petrina,pgronnobk@sina.com.cn,Portugal,100.0
SDARNBROOKBL,stephanus darnbrook,darnbrook,stephanus,sdarnbrookbl@scribd.com,Indonesia,100.0
JBELVARDBM,jammal belvard,belvard,jammal,jbelvardbm@phoca.cz,Iran,100.0
ASMEALBN,andeee smeal,smeal,andeee,asmealbn@mapquest.com,Russia,100.0
VSHERRARDBO,victoir sherrard,sherrard,victoir,vsherrardbo@theguardian.com,Ukraine,100.0
JANDREBP,junia andre,andre,junia,jandrebp@smugmug.com,Portugal,100.0
LTREENBQ,lonee treen,treen,lonee,ltreenbq@wired.com,China,100.0
MROSSBR,modestia ross,ross,modestia,mrossbr@dot.gov,Vietnam,100.0
CARSMITHBS,carmella arsmith,arsmith,carmella,carsmithbs@forbes.com,Japan,100.0
ELOVITTBT,ede lovitt,lovitt,ede,elovittbt@51.la,Philippines,100.0
KCOILSBU,kahlil coils,coils,kahlil,kcoilsbu@nydailynews.com,United States,100.0
LELWOODBV,livy elwood,elwood,livy,lelwoodbv@ca.gov,Indonesia,100.0
AKARLOWICZBW,artie karlowicz,karlowicz,artie,akarlowiczbw@wikimedia.org,Mexico,100.0
EBALLINGBX,erinna balling,balling,erinna,eballingbx@google.ru,Russia,100.0
GBATKINBY,giacomo batkin,batkin,giacomo,gbatkinby@state.tx.us,China,100.0
BRODOLICOBZ,bertha rodolico,rodolico,bertha,brodolicobz@lycos.com,Honduras,100.0
CHEATLEYC0,crystie heatley,heatley,crystie,cheatleyc0@goo.gl,Sweden,100.0
AMARIAULTC1,axe mariault,mariault,axe,amariaultc1@freewebs.com,Finland,100.0
HPAUMIERC2,hurley paumier,paumier,hurley,hpaumierc2@pinterest.com,Japan,100.0
GBEWICKC3,gelya bewick,bewick,gelya,gbewickc3@marketwatch.com,China,100.0
SCHRIPPESC4,star chrippes,chrippes,star,schrippesc4@blinklist.com,Ukraine,100.0
FVALLACKC5,fields vallack,vallack,fields,fvallackc5@timesonline.co.uk,France,100.0
DBRAIKENRIDGEC6,dorian braikenridge,braikenridge,dorian,dbraikenridgec6@xing.com,Austria,100.0
BOLLERHEADC7,baxter ollerhead,ollerhead,baxter,bollerheadc7@salon.com,Nigeria,100.0
SMARJANOVICC8,samson marjanovic,marjanovic,samson,smarjanovicc8@merriam-webster.com,Indonesia,100.0
MDUNDREDGEC9,micki dundredge,dundredge,micki,mdundredgec9@amazon.com,Czech Republic,100.0
GROWLINGCA,giraldo rowling,rowling,giraldo,growlingca@abc.net.au,Russia,100.0
FSHARPLYCB,fidela sharply,sharply,fidela,fsharplycb@weebly.com,Saudi Arabia,100.0
LMADOCJONESCC,lindon madoc-jones,madoc-jones,lindon,lmadocjonescc@addthis.com,Ukraine,100.0
OEWESTACECD,ofelia ewestace,ewestace,ofelia,oewestacecd@rambler.ru,Russia,100.0
OHULATTCE,othilie hulatt,hulatt,othilie,ohulattce@liveinternet.ru,Mexico,100.0
HWATSAMCF,hermy watsam,watsam,hermy,hwatsamcf@accuweather.com,Canada,100.0
TTUNECG,trevor tune,tune,trevor,ttunecg@sciencedaily.com,United States,100.0
DARRAULTCH,doroteya arrault,arrault,doroteya,darraultch@nps.gov,Spain,100.0
ASOLOMONIDESCI,aylmer solomonides,solomonides,aylmer,asolomonidesci@i2i.jp,Kazakhstan,100.0
DLIFTONCJ,delores lifton,lifton,delores,dliftoncj@cloudflare.com,Indonesia,100.0
ACOOKECK,amber cooke,cooke,amber,acookeck@blogs.com,Indonesia,100.0
DHIXSONCL,delano hixson,hixson,delano,dhixsoncl@google.co.jp,China,100.0
SSTOVOLDCM,shirley stovold,stovold,shirley,sstovoldcm@ustream.tv,Nigeria,100.0
SPINFOLDCN,shina pinfold,pinfold,shina,spinfoldcn@homestead.com,Canada,100.0
BDUNCANCO,bess duncan,duncan,bess,bduncanco@cdc.gov,Guatemala,100.0
HMUNDEECP,horace mundee,mundee,horace,hmundeecp@mlb.com,China,100.0
ATOLECQ,adolph tole,tole,adolph,atolecq@devhub.com,Iran,100.0
HGARFOOTCR,harriet garfoot,garfoot,harriet,hgarfootcr@trellian.com,Poland,100.0
JHEANEYCS,janaye heaney`,heaney`,janaye,jheaneycs@boston.com,Sweden,100.0
DOTTLEYCT,darrelle ottley,ottley,darrelle,dottleyct@utexas.edu,Colombia,100.0
DWASIELACU,davine wasiela,wasiela,davine,dwasielacu@hc360.com,Thailand,100.0
OSKELETONCV,orbadiah skeleton,skeleton,orbadiah,oskeletoncv@bloomberg.com,Indonesia,100.0
OLINCECW,onida lince,lince,onida,olincecw@paypal.com,Lithuania,100.0
ABUBBEARCX,aldo bubbear,bubbear,aldo,abubbearcx@ask.com,South Africa,100.0
ASCOONECY,ava scoone,scoone,ava,ascoonecy@telegraph.co.uk,Czech Republic,100.0
MMACNEILAGECZ,maxim macneilage,macneilage,maxim,mmacneilagecz@theatlantic.com,Pakistan,100.0
BUPWARDD0,brendon upward,upward,brendon,bupwardd0@hibu.com,Indonesia,100.0
EELGEED1,erek elgee,elgee,erek,eelgeed1@arizona.edu,Ukraine,100.0
GANGERSTEIND2,gaspard angerstein,angerstein,gaspard,gangersteind2@wikia.com,China,100.0
ABALAISOND3,ase balaison,balaison,ase,abalaisond3@networkadvertising.org,Tanzania,100.0
PVANNED4,peg vanne,vanne,peg,pvanned4@businessinsider.com,France,100.0
TPOLLINSD5,taber pollins,pollins,taber,tpollinsd5@xrea.com,Brazil,100.0
SSAFFIND6,selle saffin,saffin,selle,ssaffind6@ehow.com,Ethiopia,100.0
IMCGLEWD7,idalia mcglew,mcglew,idalia,imcglewd7@ucsd.edu,Togo,100.0
MMAHADDYD8,maddy mahaddy,mahaddy,maddy,mmahaddyd8@blogspot.com,Russia,100.0
LTOYED9,ludovika toye,toye,ludovika,ltoyed9@berkeley.edu,Indonesia,100.0
SBALTRUSHAITISDA,scot baltrushaitis,baltrushaitis,scot,sbaltrushaitisda@indiatimes.com,Ireland,100.0
EROBERTSDB,ezmeralda roberts,roberts,ezmeralda,erobertsdb@fda.gov,Indonesia,100.0
CCROSHAMDC,carilyn crosham,crosham,carilyn,ccroshamdc@phpbb.com,Argentina,100.0
AMILBERRYDD,angil milberry,milberry,angil,amilberrydd@bizjournals.com,South Africa,100.0
MHESELWOODDE,morissa heselwood,heselwood,morissa,mheselwoodde@netvibes.com,Indonesia,100.0
BBATISTELLIDF,baldwin batistelli,batistelli,baldwin,bbatistellidf@delicious.com,China,100.0
SSPEARDG,sascha spear,spear,sascha,sspeardg@whitehouse.gov,United States,100.0
DDAILEYDH,delmer dailey,dailey,delmer,ddaileydh@seattletimes.com,Indonesia,100.0
BOSICHEVDI,bee osichev,osichev,bee,bosichevdi@joomla.org,China,100.0
AMOTTINIDJ,antons mottini,mottini,antons,amottinidj@nih.gov,Morocco,100.0
FEDDOLLSDK,feliza eddolls,eddolls,feliza,feddollsdk@bloomberg.com,Pakistan,100.0
AMEDDEMMENDL,al meddemmen,meddemmen,al,ameddemmendl@irs.gov,Russia,100.0
LPEISERDM,lusa peiser,peiser,lusa,lpeiserdm@craigslist.org,Guadeloupe,100.0
KLANPHIERDN,kimble lanphier,lanphier,kimble,klanphierdn@buzzfeed.com,Sweden,100.0
ASONGESTDO,alphonse songest,songest,alphonse,asongestdo@myspace.com,China,100.0
YBUFTONDP,yul bufton,bufton,yul,ybuftondp@discovery.com,South Korea,100.0
DMASSELINDQ,dorrie masselin,masselin,dorrie,dmasselindq@parallels.com,China,100.0
BCASTANARESDR,blaine castanares,castanares,blaine,bcastanaresdr@usatoday.com,United States,100.0
LSHURYDS,louie shury,shury,louie,lshuryds@merriam-webster.com,Brazil,100.0
NHEARTHFIELDDT,natal hearthfield,hearthfield,natal,nhearthfielddt@domainmarket.com,Philippines,100.0
GSARREDU,goran sarre,sarre,goran,gsarredu@taobao.com,Russia,100.0
FGREENSTEADDV,freeman greenstead,greenstead,freeman,fgreensteaddv@ifeng.com,Canada,100.0
JBROMBELLDW,jordan brombell,brombell,jordan,jbrombelldw@tripod.com,China,100.0
GMCCERERYDX,giselbert mccerery,mccerery,giselbert,gmccererydx@tiny.cc,Uruguay,100.0
FBEDBORODY,francis bedboro,bedboro,francis,fbedborody@liveinternet.ru,China,100.0
FMACHANSDZ,fred machans,machans,fred,fmachansdz@acquirethisname.com,Sierra Leone,100.0
BHAYE0,berkie hay,hay,berkie,bhaye0@ucoz.com,Bolivia,100.0
LVINAUE1,liane vinau,vinau,liane,lvinaue1@xrea.com,Nicaragua,100.0
LVINSONE2,lia vinson,vinson,lia,lvinsone2@ovh.net,South Africa,100.0
CCALLOWE3,caryn callow,callow,caryn,ccallowe3@wp.com,China,100.0
CHARWOODE4,chelsie harwood,harwood,chelsie,charwoode4@123-reg.co.uk,Russia,100.0
NJOLYE5,nanine joly,joly,nanine,njolye5@newsvine.com,Mozambique,100.0
GSTUEHMEYERE6,gilligan stuehmeyer,stuehmeyer,gilligan,gstuehmeyere6@cpanel.net,Indonesia,100.0
BIVANKOVICE7,boy ivankovic,ivankovic,boy,bivankovice7@google.com.au,Russia,100.0
SMORRADE8,sutherland morrad,morrad,sutherland,smorrade8@canalblog.com,China,100.0
DALLDRITTE9,desiri alldritt,alldritt,desiri,dalldritte9@dailymotion.com,Ukraine,100.0
GSALTMARSHEA,gay saltmarsh,saltmarsh,gay,gsaltmarshea@homestead.com,Hungary,100.0
FBATHAEB,florrie batha,batha,florrie,fbathaeb@usda.gov,Indonesia,100.0
NMACLICEEC,neill maclice,maclice,neill,nmacliceec@ebay.co.uk,Indonesia,100.0
JFABLERED,johnath fabler,fabler,johnath,jfablered@addtoany.com,Indonesia,100.0
ERIDSDALEEE,emmerich ridsdale,ridsdale,emmerich,eridsdaleee@aol.com,Portugal,100.0
KSOLLIMEEF,keefe sollime,sollime,keefe,ksollimeef@who.int,China,100.0
VPROVISEG,verne provis,provis,verne,vproviseg@altervista.org,Mongolia,100.0
MGWIONETHEH,maitilde gwioneth,gwioneth,maitilde,mgwionetheh@indiatimes.com,China,100.0
SPLASKETTEI,sharai plaskett,plaskett,sharai,splaskettei@fastcompany.com,Italy,100.0
DMAUDLENEJ,devinne maudlen,maudlen,devinne,dmaudlenej@youtu.be,Greece,100.0
IBIRKHEADEK,issiah birkhead,birkhead,issiah,ibirkheadek@mapquest.com,Indonesia,100.0
MDONAHUEEL,mallory donahue,donahue,mallory,mdonahueel@cloudflare.com,China,100.0
JROLLINGEM,jacquenette rolling,rolling,jacquenette,jrollingem@google.fr,Portugal,100.0
ABOLANEN,abie bolan,bolan,abie,abolanen@abc.net.au,Kazakhstan,100.0
CATTENBARROWEO,cesar attenbarrow,attenbarrow,cesar,cattenbarroweo@oaic.gov.au,Morocco,100.0
RMCDONNELLEP,rodi mcdonnell,mcdonnell,rodi,rmcdonnellep@oracle.com,Poland,100.0
BKERSHAWEQ,bobbe kershaw,kershaw,bobbe,bkershaweq@weibo.com,Portugal,100.0
JDUHIGER,jozef duhig,duhig,jozef,jduhiger@nymag.com,Portugal,100.0
JJEDUCHES,jocko jeduch,jeduch,jocko,jjeduches@examiner.com,Japan,100.0
OBINNALLET,olva binnall,binnall,olva,obinnallet@goodreads.com,Palestinian Territory,100.0
VSIMONDEU,vidovik simond,simond,vidovik,vsimondeu@google.co.uk,Japan,100.0
FMCEV,filippa mc meekan,mc meekan,filippa,fmcev@aol.com,Indonesia,100.0
ASAFHILLEW,atlanta safhill,safhill,atlanta,asafhillew@hatena.ne.jp,China,100.0
SLEMMANBIEEX,shel lemmanbie,lemmanbie,shel,slemmanbieex@alexa.com,Greece,100.0
MKILTIEEY,marline kiltie,kiltie,marline,mkiltieey@tripadvisor.com,Nigeria,100.0
WLAUDEREZ,wandie lauder,lauder,wandie,wlauderez@tumblr.com,Pakistan,100.0
CDWYRF0,constancia dwyr,dwyr,constancia,cdwyrf0@nationalgeographic.com,China,100.0
ZZSAF1,zsa zsa vivien,vivien,zsa zsa,zzsaf1@macromedia.com,Tanzania,100.0
MELLSOMF2,marilee ellsom,ellsom,marilee,mellsomf2@accuweather.com,Russia,100.0
CCALBERTF3,christoffer calbert,calbert,christoffer,ccalbertf3@businessinsider.com,Indonesia,100.0
JTHAMEF4,johna thame,thame,johna,jthamef4@bloglines.com,Russia,100.0
BCREDLANDF5,burr credland,credland,burr,bcredlandf5@alibaba.com,Russia,100.0
LBECHEF6,lissa beche,beche,lissa,lbechef6@stanford.edu,Peru,100.0
CGOODDINGF7,carmelina goodding,goodding,carmelina,cgooddingf7@icq.com,Belarus,100.0
MDAUBYF8,marybeth dauby,dauby,marybeth,mdaubyf8@xrea.com,United States,100.0
ECHOWNF9,edouard chown,chown,edouard,echownf9@home.pl,Indonesia,100.0
LJUSTEFA,lil juste,juste,lil,ljustefa@topsy.com,China,100.0
LDERKESFB,lacie derkes,derkes,lacie,lderkesfb@edublogs.org,Venezuela,100.0
VUPSTONEFC,valerie upstone,upstone,valerie,vupstonefc@tripadvisor.com,Democratic Republic of the Congo,100.0
NSHIPPAMFD,nikki shippam,shippam,nikki,nshippamfd@marriott.com,Portugal,100.0
CBRANSDONFE,christine bransdon,bransdon,christine,cbransdonfe@bing.com,China,100.0
DMARKUSFF,drugi markus,markus,drugi,dmarkusff@geocities.com,China,100.0
CTASSELFG,colly tassel,tassel,colly,ctasselfg@slideshare.net,Germany,100.0
ALABBATIFH,adriaens labbati,labbati,adriaens,alabbatifh@dot.gov,Morocco,100.0
NKENNIFECKFI,nannette kennifeck,kennifeck,nannette,nkennifeckfi@reddit.com,Canada,100.0
NCICCOFJ,neal cicco,cicco,neal,nciccofj@wunderground.com,United States,100.0
GLOMISFK,gwendolin lomis,lomis,gwendolin,glomisfk@sina.com.cn,Indonesia,100.0
KMOUGETFL,katy mouget,mouget,katy,kmougetfl@stumbleupon.com,China,100.0
YMOIRFM,yorke moir,moir,yorke,ymoirfm@csmonitor.com,Canada,100.0
REXERFN,ricoriki exer,exer,ricoriki,rexerfn@discuz.net,Brazil,100.0
PCHALLENFO,pascal challen,challen,pascal,pchallenfo@cisco.com,Peru,100.0
SDEFP,storm de domenicis,de domenicis,storm,sdefp@slate.com,Ukraine,100.0
AKABISCHFQ,augustus kabisch,kabisch,augustus,akabischfq@shinystat.com,New Zealand,100.0
HCRUMMYFR,hilliary crummy,crummy,hilliary,hcrummyfr@livejournal.com,Russia,100.0
RANNEYFS,roxana anney,anney,roxana,ranneyfs@weather.com,Brazil,100.0
JWORLEDGEFT,juliet worledge,worledge,juliet,jworledgeft@umich.edu,Kenya,100.0
RGILESFU,renelle giles,giles,renelle,rgilesfu@rakuten.co.jp,France,100.0
HFRIDLINGTONFV,haleigh fridlington,fridlington,haleigh,hfridlingtonfv@cbslocal.com,Portugal,100.0
CBRADLYFW,cassaundra bradly,bradly,cassaundra,cbradlyfw@skyrock.com,Ivory Coast,100.0
GPASMOREFX,gabrila pasmore,pasmore,gabrila,gpasmorefx@hexun.com,Philippines,100.0
ADUGMOREFY,anastasie dugmore,dugmore,anastasie,adugmorefy@mozilla.org,Portugal,100.0
BSAWELLFZ,brucie sawell,sawell,brucie,bsawellfz@ca.gov,Egypt,100.0
SCORRYG0,starr corry,corry,starr,scorryg0@trellian.com,United Kingdom,100.0
JBOUGHENG1,josh boughen,boughen,josh,jbougheng1@macromedia.com,Indonesia,100.0
HALDERWICKG2,halette alderwick,alderwick,halette,halderwickg2@oakley.com,China,100.0
PFOLKESG3,pietra folkes,folkes,pietra,pfolkesg3@mozilla.org,Russia,100.0
BCASTAGNIERG4,berk castagnier,castagnier,berk,bcastagnierg4@yahoo.co.jp,Macedonia,100.0
RJOHNG5,richmond john,john,richmond,rjohng5@cocolog-nifty.com,Russia,100.0
AHARVETTG6,addie harvett,harvett,addie,aharvettg6@woothemes.com,Brazil,100.0
BLOZANOG7,bendite lozano,lozano,bendite,blozanog7@springer.com,Indonesia,100.0
EDILLESTONEG8,emmalyn dillestone,dillestone,emmalyn,edillestoneg8@rambler.ru,Canada,100.0
BRISENG9,bambi risen,risen,bambi,briseng9@godaddy.com,China,100.0
WSTITCHERGA,weylin stitcher,stitcher,weylin,wstitcherga@4shared.com,Bosnia and Herzegovina,100.0
DDRIVERGB,delmor driver,driver,delmor,ddrivergb@soup.io,Oman,100.0
PCASHINGC,peder cashin,cashin,peder,pcashingc@dailymotion.com,France,100.0
BCHILLEYGD,bobby chilley,chilley,bobby,bchilleygd@elegantthemes.com,Egypt,100.0
TMCCAFFERKYGE,tedmund mccafferky,mccafferky,tedmund,tmccafferkyge@mail.ru,Sweden,100.0
BSTURTONGF,bab sturton,sturton,bab,bsturtongf@google.es,Poland,100.0
GWHARINGG,gabbie wharin,wharin,gabbie,gwharingg@dyndns.org,China,100.0
ASMOOTHGH,arliene smooth,smooth,arliene,asmoothgh@w3.org,Ukraine,100.0
CCROWESTGI,colver crowest,crowest,colver,ccrowestgi@list-manage.com,Republic of the Congo,100.0
CRADBOURNEGJ,christal radbourne,radbourne,christal,cradbournegj@goo.gl,Poland,100.0
THALSTEADGK,terrance halstead,halstead,terrance,thalsteadgk@weebly.com,Indonesia,100.0
GNOULTONGL,gun noulton,noulton,gun,gnoultongl@icio.us,Russia,100.0
THAGGERSTONGM,talbot haggerston,haggerston,talbot,thaggerstongm@abc.net.au,Indonesia,100.0
LPITCOCKGN,lorne pitcock,pitcock,lorne,lpitcockgn@angelfire.com,China,100.0
VSTARKEYGO,valera starkey,starkey,valera,vstarkeygo@psu.edu,France,100.0
ESCHWANDGP,ebonee schwand,schwand,ebonee,eschwandgp@nbcnews.com,Panama,100.0
RSPENCERSGQ,rosalie spencers,spencers,rosalie,rspencersgq@bbb.org,Czech Republic,100.0
OFARNHILLGR,orelia farnhill,farnhill,orelia,ofarnhillgr@stumbleupon.com,Israel,100.0
LNAZERGS,lorna nazer,nazer,lorna,lnazergs@toplist.cz,Russia,100.0
OSOLOWAYGT,orel soloway,soloway,orel,osolowaygt@hubpages.com,Venezuela,100.0
DCHATTERSGU,dexter chatters,chatters,dexter,dchattersgu@cbc.ca,Philippines,100.0
HKUPKERGV,hamish kupker,kupker,hamish,hkupkergv@chron.com,South Africa,100.0
PDEGW,patsy de laspee,de laspee,patsy,pdegw@stanford.edu,Mexico,100.0
RKENDELLGX,rochelle kendell,kendell,rochelle,rkendellgx@bandcamp.com,China,100.0
MCRAINGY,moselle crain,crain,moselle,mcraingy@skyrock.com,China,100.0
LWHORTONGZ,latrena whorton,whorton,latrena,lwhortongz@tripod.com,China,100.0
TGERCKEH0,teddy gercke,gercke,teddy,tgerckeh0@nasa.gov,China,100.0
BITSCOWICSH1,bernice itscowics,itscowics,bernice,bitscowicsh1@biblegateway.com,Canada,100.0
SBARTALINIH2,shanna bartalini,bartalini,shanna,sbartalinih2@spiegel.de,Portugal,100.0
ABOONH3,angelle boon,boon,angelle,aboonh3@dailymotion.com,Poland,100.0
MSOARSH4,merline soars,soars,merline,msoarsh4@ning.com,Mexico,100.0
NDRYSDALEH5,neila drysdale,drysdale,neila,ndrysdaleh5@ameblo.jp,South Africa,100.0
JLITTLEH6,judi little,little,judi,jlittleh6@whitehouse.gov,Norway,100.0
GHARKH7,grazia hark,hark,grazia,gharkh7@noaa.gov,South Africa,100.0
JDAWBURYH8,jobina dawbury,dawbury,jobina,jdawburyh8@hugedomains.com,Argentina,100.0
HTENAUNTH9,horatius tenaunt,tenaunt,horatius,htenaunth9@geocities.jp,China,100.0
NSPINKHA,noby spink,spink,noby,nspinkha@independent.co.uk,Kuwait,100.0
GTENBRUGHB,gretta tenbrug,tenbrug,gretta,gtenbrughb@dion.ne.jp,Russia,100.0
AGLENNHC,augusto glenn,glenn,augusto,aglennhc@ameblo.jp,Russia,100.0
BTIEBEHD,bernadette tiebe,tiebe,bernadette,btiebehd@umich.edu,Portugal,100.0
ACOULINGHE,alejoa couling,couling,alejoa,acoulinghe@pinterest.com,China,100.0
HSHADDOCKHF,herculie shaddock,shaddock,herculie,hshaddockhf@google.ca,Japan,100.0
MMULLARKEYHG,maggie mullarkey,mullarkey,maggie,mmullarkeyhg@live.com,Philippines,100.0
CSCORTONHH,clarabelle scorton,scorton,clarabelle,cscortonhh@over-blog.com,Russia,100.0
IGRABERTHI,inez grabert,grabert,inez,igraberthi@noaa.gov,Indonesia,100.0
LGILLAMHJ,lorilee gillam,gillam,lorilee,lgillamhj@plala.or.jp,Croatia,100.0
KGERLERHK,kimberlee gerler,gerler,kimberlee,kgerlerhk@vk.com,China,100.0
MGOLIGHTLYHL,marla golightly,golightly,marla,mgolightlyhl@creativecommons.org,Egypt,100.0
LGALLAHERHM,lizbeth gallaher,gallaher,lizbeth,lgallaherhm@people.com.cn,Brazil,100.0
EBENZIESHN,ellary benzies,benzies,ellary,ebenzieshn@reuters.com,Uganda,100.0
VDOWALLHO,vasilis dowall,dowall,vasilis,vdowallho@hao123.com,Portugal,100.0
VSAMMUTHP,valentina sammut,sammut,valentina,vsammuthp@elpais.com,China,100.0
ARAINERHQ,augie rainer,rainer,augie,arainerhq@github.com,Peru,100.0
RANDREJEVICHR,rois andrejevic,andrejevic,rois,randrejevichr@github.io,Czech Republic,100.0
EHAYESHS,elia hayes,hayes,elia,ehayeshs@webmd.com,Belize,100.0
KGREENSTEADHT,kimmie greenstead,greenstead,kimmie,kgreensteadht@accuweather.com,Thailand,100.0
CMCCLOUGHENHU,caryl mccloughen,mccloughen,caryl,cmccloughenhu@tuttocitta.it,Switzerland,100.0
SKEPLINGHV,sammie kepling,kepling,sammie,skeplinghv@dagondesign.com,China,100.0
AKNEVETHW,arabela knevet,knevet,arabela,aknevethw@theatlantic.com,Syria,100.0
KSTEINORHX,keeley steinor,steinor,keeley,ksteinorhx@umich.edu,China,100.0
BVERRINGHY,bendick verring,verring,bendick,bverringhy@eepurl.com,China,100.0
ESEABROCKEHZ,elvin seabrocke,seabrocke,elvin,eseabrockehz@ft.com,Philippines,100.0
NABRASHKINI0,nike abrashkin,abrashkin,nike,nabrashkini0@paginegialle.it,Indonesia,100.0
YCRONKI1,yolande cronk,cronk,yolande,ycronki1@dailymotion.com,China,100.0
HBANASEVICHI2,hersh banasevich,banasevich,hersh,hbanasevichi2@boston.com,Indonesia,100.0
ABALDERYI3,audre baldery,baldery,audre,abalderyi3@yahoo.com,Brazil,100.0
MMCCOWENI4,maury mccowen,mccowen,maury,mmccoweni4@uol.com.br,Botswana,100.0
LDAWEI5,lockwood dawe,dawe,lockwood,ldawei5@meetup.com,Nicaragua,100.0
MFOLLANI6,mathew follan,follan,mathew,mfollani6@ucoz.ru,France,100.0
EMULFORDI7,erminie mulford,mulford,erminie,emulfordi7@seesaa.net,China,100.0
CSZAPIROI8,crystie szapiro,szapiro,crystie,cszapiroi8@trellian.com,Philippines,100.0
ERELFI9,eryn relf,relf,eryn,erelfi9@tinyurl.com,Argentina,100.0
SCARABETIA,stephana carabet,carabet,stephana,scarabetia@imageshack.us,Brazil,100.0
DCORNELLIB,dulsea cornell,cornell,dulsea,dcornellib@nationalgeographic.com,Costa Rica,100.0
BMARTELLINIIC,berton martellini,martellini,berton,bmartelliniic@irs.gov,China,100.0
JGALLETLEYID,justin galletley,galletley,justin,jgalletleyid@mac.com,Ukraine,100.0
LBUNDYIE,lynn bundy,bundy,lynn,lbundyie@addthis.com,Czech Republic,100.0
RGAREYIF,ruperto garey,garey,ruperto,rgareyif@geocities.jp,Philippines,100.0
MDOMENGETIG,moishe domenget,domenget,moishe,mdomengetig@noaa.gov,Russia,100.0
JANTHOINEIH,joellen anthoine,anthoine,joellen,janthoineih@altervista.org,United States,100.0
VWILLOUGHEYII,vita willoughey,willoughey,vita,vwillougheyii@ebay.com,South Africa,100.0
LSAFFEIJ,lynelle saffe,saffe,lynelle,lsaffeij@blogtalkradio.com,France,100.0
LOLDINGIK,laraine olding,olding,laraine,loldingik@pcworld.com,China,100.0
GRIDEWOODIL,garrik ridewood,ridewood,garrik,gridewoodil@nature.com,Indonesia,100.0
ASPIRINGIM,anna-maria spiring,spiring,anna-maria,aspiringim@businessinsider.com,Poland,100.0
ACADAMYIN,andreana cadamy,cadamy,andreana,acadamyin@cdc.gov,United States,100.0
VKUNZEIO,valentina kunze,kunze,valentina,vkunzeio@vkontakte.ru,Argentina,100.0
HBLACKLYIP,hercules blackly,blackly,hercules,hblacklyip@tripod.com,Czech Republic,100.0
LSIMANENKOIQ,lura simanenko,simanenko,lura,lsimanenkoiq@studiopress.com,China,100.0
MSTOCKERIR,manfred stocker,stocker,manfred,mstockerir@google.de,China,100.0
KHAYCOCKIS,kaila haycock,haycock,kaila,khaycockis@over-blog.com,Indonesia,100.0
ECYSELEYIT,emmalynn cyseley,cyseley,emmalynn,ecyseleyit@storify.com,Belarus,100.0
MFATHERIU,milton father,father,milton,mfatheriu@sourceforge.net,China,100.0
DPLIMMERIV,dody plimmer,plimmer,dody,dplimmeriv@dot.gov,China,100.0
ERIEFLINIW,enriqueta rieflin,rieflin,enriqueta,eriefliniw@desdev.cn,Somalia,100.0
CTHURSTANIX,chrysa thurstan,thurstan,chrysa,cthurstanix@fc2.com,Ukraine,100.0
MBOYFIELDIY,manon boyfield,boyfield,manon,mboyfieldiy@buzzfeed.com,China,100.0
PCODDIZ,petey codd,codd,petey,pcoddiz@jimdo.com,Indonesia,100.0
ECALDECUTTJ0,eugene caldecutt,caldecutt,eugene,ecaldecuttj0@reddit.com,Slovenia,100.0
CCONKLINJ1,candice conklin,conklin,candice,cconklinj1@umich.edu,Russia,100.0
RHOGBINJ2,redd hogbin,hogbin,redd,rhogbinj2@google.it,Russia,100.0
VJACQUEMINETJ3,vanessa jacqueminet,jacqueminet,vanessa,vjacqueminetj3@t.co,Portugal,100.0
LSEMKINSJ4,lucia semkins,semkins,lucia,lsemkinsj4@usnews.com,Ukraine,100.0
MMELMETHJ5,mariquilla melmeth,melmeth,mariquilla,mmelmethj5@hibu.com,Canada,100.0
DTREBYJ6,donnamarie treby,treby,donnamarie,dtrebyj6@51.la,China,100.0
SFLORENTINEJ7,stefan florentine,florentine,stefan,sflorentinej7@wufoo.com,Indonesia,100.0
MFORSDIKEJ8,maighdiln forsdike,forsdike,maighdiln,mforsdikej8@cnn.com,Sweden,100.0
CPFEFFELJ9,cleavland pfeffel,pfeffel,cleavland,cpfeffelj9@tripod.com,Philippines,100.0
MGROVIERJA,martynne grovier,grovier,martynne,mgrovierja@arizona.edu,Spain,100.0
EKLESSEJB,ermina klesse,klesse,ermina,eklessejb@ow.ly,Indonesia,100.0
CBRISSEJC,corry brisse,brisse,corry,cbrissejc@wix.com,Poland,100.0
GFARRENTJD,godart farrent,farrent,godart,gfarrentjd@jalbum.net,Brazil,100.0
AMAYLAMJE,alejandro maylam,maylam,alejandro,amaylamje@rakuten.co.jp,Liberia,100.0
ESKYMEJF,eugenia skyme,skyme,eugenia,eskymejf@japanpost.jp,Brazil,100.0
GSTANYLANDJG,godfrey stanyland,stanyland,godfrey,gstanylandjg@europa.eu,France,100.0
DKERFORDJH,deni kerford,kerford,deni,dkerfordjh@apple.com,Zimbabwe,100.0
GALMONJI,gal almon,almon,gal,galmonji@over-blog.com,Peru,100.0
LSTORERJJ,lib storer,storer,lib,lstorerjj@a8.net,China,100.0
SFERRERSJK,sonni ferrers,ferrers,sonni,sferrersjk@discuz.net,Vietnam,100.0
ESTERTJL,edee stert,stert,edee,estertjl@icq.com,Argentina,100.0
APRIMAKJM,ancell primak,primak,ancell,aprimakjm@loc.gov,Russia,100.0
GGIACOMAZZOJN,grissel giacomazzo,giacomazzo,grissel,ggiacomazzojn@globo.com,Argentina,100.0
IOSLERJO,ileane osler,osler,ileane,ioslerjo@bloglines.com,Japan,100.0
LMARFIELDJP,lotta marfield,marfield,lotta,lmarfieldjp@netvibes.com,Philippines,100.0
RNOVISJQ,rossy novis,novis,rossy,rnovisjq@uol.com.br,Russia,100.0
TMARTONFIJR,tierney martonfi,martonfi,tierney,tmartonfijr@hud.gov,China,100.0
LSKIRVENJS,lin skirven,skirven,lin,lskirvenjs@toplist.cz,China,100.0
RDEENYJT,rusty deeny,deeny,rusty,rdeenyjt@symantec.com,Sweden,100.0
RBENGTSENJU,rafaellle bengtsen,bengtsen,rafaellle,rbengtsenju@tiny.cc,China,100.0
ABAURERICHJV,augustin baurerich,baurerich,augustin,abaurerichjv@google.es,Philippines,100.0
SPRYSJW,shalne prys,prys,shalne,sprysjw@wordpress.com,Bulgaria,100.0
IGIRARDENGOJX,isidora girardengo,girardengo,isidora,igirardengojx@mail.ru,Namibia,100.0
LPAPEJY,leicester pape,pape,leicester,lpapejy@vkontakte.ru,Norway,100.0
CHUDSONJZ,celene hudson,hudson,celene,chudsonjz@forbes.com,Japan,100.0
MESCOFIERK0,malory escofier,escofier,malory,mescofierk0@apple.com,Philippines,100.0
OCREGANK1,orton cregan,cregan,orton,ocregank1@de.vu,Canada,100.0
RSUMSHONK2,randolf sumshon,sumshon,randolf,rsumshonk2@hubpages.com,Indonesia,100.0
LBAPTYK3,lucienne bapty,bapty,lucienne,lbaptyk3@phpbb.com,Greece,100.0
SMURRISHK4,sarette murrish,murrish,sarette,smurrishk4@usda.gov,France,100.0
EEUNSONK5,ester eunson,eunson,ester,eeunsonk5@cnbc.com,Brazil,100.0
BLUDWELLK6,blanche ludwell,ludwell,blanche,bludwellk6@topsy.com,Mexico,100.0
CSAGEK7,chelsae sage,sage,chelsae,csagek7@sourceforge.net,Azerbaijan,100.0
JJIGGENK8,janith jiggen,jiggen,janith,jjiggenk8@google.co.uk,Canada,100.0
WTHICKK9,willi thick,thick,willi,wthickk9@sbwire.com,Armenia,100.0
DHAYENKA,dael hayen,hayen,dael,dhayenka@google.com,China,100.0
TLANDSBOROUGHKB,torrin landsborough,landsborough,torrin,tlandsboroughkb@g.co,China,100.0
HRYDZYNSKIKC,hodge rydzynski,rydzynski,hodge,hrydzynskikc@usatoday.com,Ireland,100.0
OZIEMSENKD,olive ziemsen,ziemsen,olive,oziemsenkd@delicious.com,Paraguay,100.0
RGRISTONKE,robinette griston,griston,robinette,rgristonke@craigslist.org,China,100.0
VBEADHAMKF,venita beadham,beadham,venita,vbeadhamkf@cocolog-nifty.com,United States,100.0
DTHUNNERCLIFFKG,duncan thunnercliff,thunnercliff,duncan,dthunnercliffkg@npr.org,South Georgia and the South Sandwich Islands,100.0
TRIVALLANTKH,twila rivallant,rivallant,twila,trivallantkh@sphinn.com,Portugal,100.0
JLOTHEANKI,jaymee lothean,lothean,jaymee,jlotheanki@nasa.gov,Thailand,100.0
MTHOMEKJ,michal thome,thome,michal,mthomekj@ask.com,Mauritius,100.0
FJOSEFSONKK,fara josefson,josefson,fara,fjosefsonkk@yale.edu,Indonesia,100.0
VLOCALKL,valentina local,local,valentina,vlocalkl@oaic.gov.au,Indonesia,100.0
CMULBRYKM,caressa mulbry,mulbry,caressa,cmulbrykm@wunderground.com,Jamaica,100.0
TSECKINGTONKN,terry seckington,seckington,terry,tseckingtonkn@intel.com,Canada,100.0
AROSSEYKO,auguste rossey,rossey,auguste,arosseyko@cafepress.com,Indonesia,100.0
LABREHEARTKP,lisbeth abreheart,abreheart,lisbeth,labreheartkp@51.la,Indonesia,100.0
CLEYNAGHKQ,christye leynagh,leynagh,christye,cleynaghkq@yellowbook.com,China,100.0
ASOAMEKR,alan soame,soame,alan,asoamekr@bing.com,China,100.0
ADWELLYKS,alysa dwelly,dwelly,alysa,adwellyks@miibeian.gov.cn,Palestinian Territory,100.0
JBREADONKT,jordon breadon,breadon,jordon,jbreadonkt@hp.com,Greece,100.0
GHAYGREENKU,gardy haygreen,haygreen,gardy,ghaygreenku@yandex.ru,Macedonia,100.0
VHUNNISETTKV,vito hunnisett,hunnisett,vito,vhunnisettkv@lulu.com,Portugal,100.0
GSPELLARDKW,gerhardt spellard,spellard,gerhardt,gspellardkw@deviantart.com,East Timor,100.0
GREMMERKX,graig remmer,remmer,graig,gremmerkx@tumblr.com,Russia,100.0
MGIOCANNONIKY,maury giocannoni,giocannoni,maury,mgiocannoniky@wikia.com,Tanzania,100.0
SHEBBURNKZ,see hebburn,hebburn,see,shebburnkz@marriott.com,Indonesia,100.0
ICROSFIELDL0,iris crosfield,crosfield,iris,icrosfieldl0@who.int,Tajikistan,100.0
EWILLBOURNEL1,ethelda willbourne,willbourne,ethelda,ewillbournel1@baidu.com,Indonesia,100.0
AMCLOUGHLINL2,ari mcloughlin,mcloughlin,ari,amcloughlinl2@tripadvisor.com,Brazil,100.0
MGRIGSL3,marcille grigs,grigs,marcille,mgrigsl3@merriam-webster.com,Vietnam,100.0
CKEASYL4,cissy keasy,keasy,cissy,ckeasyl4@rediff.com,Brazil,100.0
BANNOTTL5,blanche annott,annott,blanche,bannottl5@goodreads.com,Portugal,100.0
CVOLETTL6,carmencita volett,volett,carmencita,cvolettl6@youtu.be,Cuba,100.0
SWARTNABYL7,sarita wartnaby,wartnaby,sarita,swartnabyl7@google.nl,Indonesia,100.0
VRAINTONL8,verna rainton,rainton,verna,vraintonl8@quantcast.com,Ukraine,100.0
JMELLHUISHL9,jarad mellhuish,mellhuish,jarad,jmellhuishl9@adobe.com,Botswana,100.0
EREEMANLA,elene reeman,reeman,elene,ereemanla@ibm.com,Russia,100.0
LGREATREXLB,larisa greatrex,greatrex,larisa,lgreatrexlb@arizona.edu,Czech Republic,100.0
KBYRONLC,karie byron,byron,karie,kbyronlc@europa.eu,Indonesia,100.0
CMCENTAGARTLD,costanza mcentagart,mcentagart,costanza,cmcentagartld@seattletimes.com,Russia,100.0
JFAWLKESLE,judon fawlkes,fawlkes,judon,jfawlkesle@cnn.com,China,100.0
FWARBEYLF,frasier warbey,warbey,frasier,fwarbeylf@twitpic.com,China,100.0
MANYONLG,marrilee anyon,anyon,marrilee,manyonlg@dyndns.org,Russia,100.0
WATHYLH,win athy,athy,win,wathylh@salon.com,Japan,100.0
XGISBOURNLI,xylina gisbourn,gisbourn,xylina,xgisbournli@so-net.ne.jp,Greece,100.0
GBAULCHLJ,goober baulch,baulch,goober,gbaulchlj@amazon.de,China,100.0
MBRAILEYLK,morry brailey,brailey,morry,mbraileylk@dmoz.org,Colombia,100.0
LWINCHURCHLL,leoline winchurch,winchurch,leoline,lwinchurchll@google.fr,Norway,100.0
WMCGLUELM,wiley mcglue,mcglue,wiley,wmcgluelm@tumblr.com,Cameroon,100.0
MHEASEMANLN,margaret heaseman,heaseman,margaret,mheasemanln@biglobe.ne.jp,Lesotho,100.0
WSOANSLO,wayland soans,soans,wayland,wsoanslo@google.fr,Greenland,100.0
DBONNYLP,dru bonny,bonny,dru,dbonnylp@jalbum.net,China,100.0
MGREGORILQ,mandy gregori,gregori,mandy,mgregorilq@abc.net.au,France,100.0
CGRISTWOODLR,chet gristwood,gristwood,chet,cgristwoodlr@statcounter.com,Venezuela,100.0
VHENKENSLS,valaria henkens,henkens,valaria,vhenkensls@odnoklassniki.ru,Mexico,100.0
HTONNERLT,huey tonner,tonner,huey,htonnerlt@microsoft.com,Brazil,100.0
BSHACKELLLU,bevvy shackell,shackell,bevvy,bshackelllu@ftc.gov,Indonesia,100.0
AHARESLV,alessandro hares,hares,alessandro,ahareslv@ft.com,France,100.0
HCAYETLW,hesther cayet,cayet,hesther,hcayetlw@last.fm,Peru,100.0
ALINNELX,alasdair linne,linne,alasdair,alinnelx@goo.gl,Sweden,100.0
JWIMPLY,jacquenette wimp,wimp,jacquenette,jwimply@salon.com,Philippines,100.0
SMURPHYLZ,serge murphy,murphy,serge,smurphylz@myspace.com,Peru,100.0
NATTWOOLLM0,nico attwooll,attwooll,nico,nattwoollm0@shop-pro.jp,Philippines,100.0
NDUFFYM1,nikola duffy,duffy,nikola,nduffym1@google.com.hk,Colombia,100.0
MGOLDWATERM2,morgen goldwater,goldwater,morgen,mgoldwaterm2@friendfeed.com,Indonesia,100.0
MLIVESEYM3,mozelle livesey,livesey,mozelle,mliveseym3@yellowpages.com,Brazil,100.0
FERWINM4,farrand erwin,erwin,farrand,ferwinm4@hud.gov,Costa Rica,100.0
EMERCKM5,elmore merck,merck,elmore,emerckm5@altervista.org,China,100.0
LWELLBELOVEDM6,lenore wellbeloved,wellbeloved,lenore,lwellbelovedm6@netlog.com,Serbia,100.0
MLANDEAUXM7,mollie landeaux,landeaux,mollie,mlandeauxm7@harvard.edu,Brazil,100.0
MCOXONM8,monte coxon,coxon,monte,mcoxonm8@sogou.com,China,100.0
ETORFINM9,ethelyn torfin,torfin,ethelyn,etorfinm9@histats.com,Guinea,100.0
SROBILARTMA,sabine robilart,robilart,sabine,srobilartma@ifeng.com,China,100.0
EMOYSEMB,eadith moyse,moyse,eadith,emoysemb@java.com,China,100.0
HCRAYDONMC,hildegarde craydon,craydon,hildegarde,hcraydonmc@fotki.com,United States,100.0
MMUNDALLMD,markos mundall,mundall,markos,mmundallmd@vk.com,Nigeria,100.0
DREIGNARDME,danny reignard,reignard,danny,dreignardme@jalbum.net,China,100.0
WLYNDMF,willey lynd,lynd,willey,wlyndmf@bloomberg.com,Vietnam,100.0
MTAILEMG,maxim taile,taile,maxim,mtailemg@digg.com,Portugal,100.0
VSHOVELLERMH,vernen shoveller,shoveller,vernen,vshovellermh@usnews.com,Poland,100.0
RMACVANAMYMI,rodrique macvanamy,macvanamy,rodrique,rmacvanamymi@twitpic.com,Poland,100.0
NBROSOLIMJ,nissa brosoli,brosoli,nissa,nbrosolimj@addthis.com,Armenia,100.0
HDMITRIENKOMK,howie dmitrienko,dmitrienko,howie,hdmitrienkomk@amazon.com,Kazakhstan,100.0
RKLEEHUHLERML,rudy kleehuhler,kleehuhler,rudy,rkleehuhlerml@shop-pro.jp,Netherlands,100.0
HMANDIFIELDMM,helge mandifield,mandifield,helge,hmandifieldmm@smugmug.com,Sweden,100.0
VCREWEMN,vladamir crewe,crewe,vladamir,vcrewemn@army.mil,China,100.0
AMURIEMO,aymer murie,murie,aymer,amuriemo@themeforest.net,United States,100.0
ASECZYKMP,andros seczyk,seczyk,andros,aseczykmp@imdb.com,Indonesia,100.0
SPILKINTONMQ,susy pilkinton,pilkinton,susy,spilkintonmq@hostgator.com,Taiwan,100.0
CSHEERINGMR,constantin sheering,sheering,constantin,csheeringmr@networkadvertising.org,Greece,100.0
HYEPISKOPOVMS,hakeem yepiskopov,yepiskopov,hakeem,hyepiskopovms@businessinsider.com,Philippines,100.0
DONIONSMT,deeann o'nions,o'nions,deeann,donionsmt@discovery.com,Indonesia,100.0
TPHIZACKERLYMU,terrance phizackerly,phizackerly,terrance,tphizackerlymu@pagesperso-orange.fr,Kazakhstan,100.0
CCHASTELAINMV,claudianus chastelain,chastelain,claudianus,cchastelainmv@usgs.gov,Hungary,100.0
LMCANELLYEMW,lyndy mcanellye,mcanellye,lyndy,lmcanellyemw@1und1.de,Jordan,100.0
EBURGWYNMX,elena burgwyn,burgwyn,elena,eburgwynmx@reddit.com,Argentina,100.0
CYOUNGSMY,ceil youngs,youngs,ceil,cyoungsmy@hugedomains.com,Chad,100.0
ECORNELISMZ,erick cornelis,cornelis,erick,ecornelismz@google.ru,Czech Republic,100.0
CMALLETRATTN0,cherilynn malletratt,malletratt,cherilynn,cmalletrattn0@myspace.com,United States,100.0
MSPINETTIN1,mechelle spinetti,spinetti,mechelle,mspinettin1@icio.us,Philippines,100.0
DWHYFFENN2,desi whyffen,whyffen,desi,dwhyffenn2@bravesites.com,China,100.0
SGARIEN3,see garie,garie,see,sgarien3@cyberchimps.com,Greece,100.0
MTABRETTN4,marcia tabrett,tabrett,marcia,mtabrettn4@weibo.com,Brazil,100.0
JPERSEHOUSEN5,jesse persehouse,persehouse,jesse,jpersehousen5@mysql.com,Indonesia,100.0
SBRITON6,sergent brito,brito,sergent,sbriton6@nsw.gov.au,China,100.0
KPIDDICKN7,kameko piddick,piddick,kameko,kpiddickn7@elegantthemes.com,Philippines,100.0
NCAMMIEMILEN8,nedi cammiemile,cammiemile,nedi,ncammiemilen8@theatlantic.com,Pakistan,100.0
RLAMBIRTHN9,roddy lambirth,lambirth,roddy,rlambirthn9@twitpic.com,China,100.0
AHINTZERNA,ase hintzer,hintzer,ase,ahintzerna@dell.com,Indonesia,100.0
EBREWSTERNB,ellette brewster,brewster,ellette,ebrewsternb@moonfruit.com,Poland,100.0
BSUTHWORTHNC,bryanty suthworth,suthworth,bryanty,bsuthworthnc@ftc.gov,Poland,100.0
RLINKLETERND,roobbie linkleter,linkleter,roobbie,rlinkleternd@theguardian.com,Czech Republic,100.0
PSTICKINGSNE,patrica stickings,stickings,patrica,pstickingsne@washingtonpost.com,Bolivia,100.0
GPETROVICNF,gualterio petrovic,petrovic,gualterio,gpetrovicnf@dell.com,Philippines,100.0
ASTEARSNG,anett stears,stears,anett,astearsng@google.com.au,Mexico,100.0
CFILEWOODNH,cinda filewood,filewood,cinda,cfilewoodnh@multiply.com,China,100.0
RSELIGSONNI,rey seligson,seligson,rey,rseligsonni@blog.com,China,100.0
ETIVOLIERNJ,elianore tivolier,tivolier,elianore,etivoliernj@goodreads.com,Russia,100.0
FTROWLNK,farica trowl,trowl,farica,ftrowlnk@state.gov,Greece,100.0
GMATHENL,greta mathe,mathe,greta,gmathenl@sakura.ne.jp,Honduras,100.0
DBLADESMITHNM,dwain bladesmith,bladesmith,dwain,dbladesmithnm@sina.com.cn,China,100.0
SBASWALLNN,scot baswall,baswall,scot,sbaswallnn@photobucket.com,Tanzania,100.0
ADOWNHAMNO,amalita downham,downham,amalita,adownhamno@latimes.com,Pakistan,100.0
DPETYTNP,dacey petyt,petyt,dacey,dpetytnp@aol.com,Canada,100.0
ECHOPINNQ,esmeralda chopin,chopin,esmeralda,echopinnq@amazon.co.uk,Brazil,100.0
MBRACERNR,marlane bracer,bracer,marlane,mbracernr@wunderground.com,China,100.0
TFERRINS,tito ferri,ferri,tito,tferrins@nytimes.com,Japan,100.0
HWONESNT,halimeda wones,wones,halimeda,hwonesnt@va.gov,Poland,100.0
LFAYNENU,lin fayne,fayne,lin,lfaynenu@goo.ne.jp,Russia,100.0
SEXETERNV,sherye exeter,exeter,sherye,sexeternv@phpbb.com,China,100.0
MCUMBERPATCHNW,madelina cumberpatch,cumberpatch,madelina,mcumberpatchnw@tripod.com,Russia,100.0
TGROSIERNX,torr grosier,grosier,torr,tgrosiernx@mapquest.com,Portugal,100.0
LJENNYNY,lyman jenny,jenny,lyman,ljennyny@sourceforge.net,Indonesia,100.0
TRATLEENZ,toby ratlee,ratlee,toby,tratleenz@dion.ne.jp,Indonesia,100.0
MTURBANO0,malvina turban,turban,malvina,mturbano0@mashable.com,Spain,100.0
BFEECHUMO1,bernete feechum,feechum,bernete,bfeechumo1@de.vu,Guatemala,100.0
FKIVLEHANO2,floria kivlehan,kivlehan,floria,fkivlehano2@youtu.be,China,100.0
BPIERSONO3,burnaby pierson,pierson,burnaby,bpiersono3@bandcamp.com,China,100.0
JMAGNARO4,jeni magnar,magnar,jeni,jmagnaro4@people.com.cn,Sweden,100.0
ACLUETO5,ana cluet,cluet,ana,aclueto5@businesswire.com,China,100.0
GONDRUSO6,germayne ondrus,ondrus,germayne,gondruso6@google.com,Poland,100.0
HPASCHEKO7,helga paschek,paschek,helga,hpascheko7@bizjournals.com,Philippines,100.0
JRHEADO8,jacki rhead,rhead,jacki,jrheado8@cnn.com,China,100.0
KGOLDNEYO9,kaitlyn goldney,goldney,kaitlyn,kgoldneyo9@sitemeter.com,Russia,100.0
AJARVILLEOA,andrey jarville,jarville,andrey,ajarvilleoa@bbb.org,United States,100.0
JREVELYOB,janean revely,revely,janean,jrevelyob@slideshare.net,Georgia,100.0
EEWBANCHEOC,elsbeth ewbanche,ewbanche,elsbeth,eewbancheoc@github.io,Philippines,100.0
KASCOUGHOD,konstance ascough,ascough,konstance,kascoughod@is.gd,Mexico,100.0
AFINCIOE,alvira finci,finci,alvira,afincioe@guardian.co.uk,Morocco,100.0
ISHYRAMOF,ignatius shyram,shyram,ignatius,ishyramof@webnode.com,Portugal,100.0
WLOVEDAYOG,wit loveday,loveday,wit,wlovedayog@github.com,Portugal,100.0
GMINGUETOH,griz minguet,minguet,griz,gminguetoh@lycos.com,Indonesia,100.0
LWAITEOI,lemmy waite,waite,lemmy,lwaiteoi@4shared.com,China,100.0
JDUFTYOJ,jannelle dufty,dufty,jannelle,jduftyoj@disqus.com,Peru,100.0
KTOMCZYKIEWICZOK,kayne tomczykiewicz,tomczykiewicz,kayne,ktomczykiewiczok@intel.com,Poland,100.0
HTIFFANYOL,hamnet tiffany,tiffany,hamnet,htiffanyol@ovh.net,Argentina,100.0
TWHEWAYOM,therine wheway,wheway,therine,twhewayom@wired.com,Argentina,100.0
MHARLICKON,mason harlick,harlick,mason,mharlickon@bizjournals.com,China,100.0
SLOWOO,susanne low,low,susanne,slowoo@free.fr,New Zealand,100.0
BLAMBOP,bobbi lamb,lamb,bobbi,blambop@globo.com,Japan,100.0
CTSCHIRASCHEOQ,currey tschirasche,tschirasche,currey,ctschirascheoq@behance.net,Azerbaijan,100.0
AGODMEROR,aloise godmer,godmer,aloise,agodmeror@dropbox.com,Russia,100.0
CBRUINEMANOS,cristen bruineman,bruineman,cristen,cbruinemanos@archive.org,China,100.0
BCLARKEWILLIAMSOT,barnebas clarke-williams,clarke-williams,barnebas,bclarkewilliamsot@ucoz.com,China,100.0
LMATTUSOVOU,linnet mattusov,mattusov,linnet,lmattusovou@domainmarket.com,Czech Republic,100.0
GPAKEMANOV,giles pakeman,pakeman,giles,gpakemanov@slashdot.org,Indonesia,100.0
SMERNEROW,sayres merner,merner,sayres,smernerow@spotify.com,Indonesia,100.0
HFARRYANOX,huey farryan,farryan,huey,hfarryanox@kickstarter.com,Philippines,100.0
DWITLINGOY,dav witling,witling,dav,dwitlingoy@mit.edu,Indonesia,100.0
LJURSOZ,lucien jurs,jurs,lucien,ljursoz@apple.com,Ukraine,100.0
UWYTHILLP0,ursula wythill,wythill,ursula,uwythillp0@latimes.com,Indonesia,100.0
ARICARDOUP1,artemis ricardou,ricardou,artemis,aricardoup1@alexa.com,Azerbaijan,100.0
MCAUDELIERP2,mindy caudelier,caudelier,mindy,mcaudelierp2@fotki.com,Vietnam,100.0
JHANSANAP3,judi hansana,hansana,judi,jhansanap3@theguardian.com,Indonesia,100.0
VCANETEP4,valerye canete,canete,valerye,vcanetep4@drupal.org,Democratic Republic of the Congo,100.0
DRUSHP5,dud rush,rush,dud,drushp5@alibaba.com,Indonesia,100.0
CIMPEYP6,cameron impey,impey,cameron,cimpeyp6@nationalgeographic.com,Russia,100.0
BBATECOKP7,broderick batecok,batecok,broderick,bbatecokp7@ezinearticles.com,France,100.0
NFARDYP8,nickolas fardy,fardy,nickolas,nfardyp8@topsy.com,Finland,100.0
GYGLESIASP9,gusta yglesias,yglesias,gusta,gyglesiasp9@cbc.ca,China,100.0
ASANDCRAFTPA,alena sandcraft,sandcraft,alena,asandcraftpa@chronoengine.com,Pakistan,100.0
VEBURNEPB,verna eburne,eburne,verna,veburnepb@photobucket.com,Indonesia,100.0
SBELLHAMPC,sherie bellham,bellham,sherie,sbellhampc@alibaba.com,Poland,100.0
RROCKHALLPD,ramsay rockhall,rockhall,ramsay,rrockhallpd@reference.com,Belarus,100.0
APAULICHPE,aldric paulich,paulich,aldric,apaulichpe@google.ru,Nicaragua,100.0
IGOODDYPF,inez gooddy,gooddy,inez,igooddypf@umich.edu,Russia,100.0
CSWAINGERPG,catie swainger,swainger,catie,cswaingerpg@hibu.com,Brazil,100.0
TBRICEPH,tyrus brice,brice,tyrus,tbriceph@twitter.com,Croatia,100.0
TDICKERSONPI,terrill dickerson,dickerson,terrill,tdickersonpi@google.ru,Indonesia,100.0
LDEPJ,lyon de vries,de vries,lyon,ldepj@jimdo.com,Indonesia,100.0
EFRENSCHPK,ellie frensch,frensch,ellie,efrenschpk@bloglines.com,France,100.0
JCOOTSPL,joelle coots,coots,joelle,jcootspl@51.la,Indonesia,100.0
BCLAMPTONPM,buckie clampton,clampton,buckie,bclamptonpm@ucla.edu,France,100.0
HATHRIDGEPN,halette athridge,athridge,halette,hathridgepn@prweb.com,Norway,100.0
BDEVERICKSPO,bili devericks,devericks,bili,bdeverickspo@gmpg.org,Paraguay,100.0
DCORRADENGOPP,david corradengo,corradengo,david,dcorradengopp@webmd.com,Jamaica,100.0
PBOURKEPQ,phaedra bourke,bourke,phaedra,pbourkepq@cloudflare.com,Sweden,100.0
SPICKRINGPR,skylar pickring,pickring,skylar,spickringpr@ucla.edu,Chile,100.0
KHAVILEPS,kerwinn havile,havile,kerwinn,khavileps@stanford.edu,Czech Republic,100.0
TIACOVIELLOPT,tootsie iacoviello,iacoviello,tootsie,tiacoviellopt@macromedia.com,Philippines,100.0
EFILIPPAZZOPU,englebert filippazzo,filippazzo,englebert,efilippazzopu@cam.ac.uk,Philippines,100.0
LLAUGAPV,les lauga,lauga,les,llaugapv@instagram.com,Morocco,100.0
NRAIMENTPW,normie raiment,raiment,normie,nraimentpw@uiuc.edu,China,100.0
BSPRAGGEPX,briney spragge,spragge,briney,bspraggepx@toplist.cz,China,100.0
ESUMMERLEEPY,earlie summerlee,summerlee,earlie,esummerleepy@ow.ly,Brazil,100.0
AHATCHMANPZ,ambrosio hatchman,hatchman,ambrosio,ahatchmanpz@homestead.com,Norway,100.0
DBELLELLIQ0,deck bellelli,bellelli,deck,dbellelliq0@usnews.com,Russia,100.0
RCORNELJESQ1,rhona corneljes,corneljes,rhona,rcorneljesq1@ucsd.edu,Morocco,100.0
CSZACHQ2,cort szach,szach,cort,cszachq2@parallels.com,Tanzania,100.0
FDEQ3,fedora de gregoli,de gregoli,fedora,fdeq3@istockphoto.com,China,100.0
AFENNERSQ4,angelo fenners,fenners,angelo,afennersq4@bing.com,United States,100.0
DHUNTQ5,dominik hunt,hunt,dominik,dhuntq5@cnet.com,Indonesia,100.0
CMORITQ6,clayson morit,morit,clayson,cmoritq6@taobao.com,Russia,100.0
KHATFULLQ7,kissie hatfull,hatfull,kissie,khatfullq7@biglobe.ne.jp,China,100.0
CSKITTLEQ8,clary skittle,skittle,clary,cskittleq8@weibo.com,United States,100.0
LGENTREAUQ9,lonny gentreau,gentreau,lonny,lgentreauq9@tuttocitta.it,Indonesia,100.0
WWINDHAMQA,wolf windham,windham,wolf,wwindhamqa@bravesites.com,Albania,100.0
NPILBEAMQB,nobe pilbeam,pilbeam,nobe,npilbeamqb@4shared.com,Sweden,100.0
JKILNQC,jessamine kiln,kiln,jessamine,jkilnqc@businesswire.com,Russia,100.0
ABONELLIEQD,amalie bonellie,bonellie,amalie,abonellieqd@goo.ne.jp,China,100.0
OLOBQE,orlando lob,lob,orlando,olobqe@census.gov,Canada,100.0
LPERCHARDQF,lindsay perchard,perchard,lindsay,lperchardqf@gravatar.com,Russia,100.0
CJACOBSOHNQG,chelsy jacobsohn,jacobsohn,chelsy,cjacobsohnqg@w3.org,Iran,100.0
LRUSTEDQH,lynnelle rusted,rusted,lynnelle,lrustedqh@hubpages.com,Brazil,100.0
MCUSKERYQI,marcellina cuskery,cuskery,marcellina,mcuskeryqi@pagesperso-orange.fr,Russia,100.0
RTAYLERSONQJ,renee taylerson,taylerson,renee,rtaylersonqj@tumblr.com,Mauritius,100.0
CGREGERQK,carole greger,greger,carole,cgregerqk@hud.gov,Brazil,100.0
ECHARTERSQL,erny charters,charters,erny,echartersql@cmu.edu,Russia,100.0
WQUERNELQM,ware quernel,quernel,ware,wquernelqm@soundcloud.com,Indonesia,100.0
NSWINBOURNEQN,nikolas swinbourne,swinbourne,nikolas,nswinbourneqn@surveymonkey.com,Indonesia,100.0
MGOOLDQO,mitchel goold,goold,mitchel,mgooldqo@loc.gov,China,100.0
BKERRIDGEQP,brittney kerridge,kerridge,brittney,bkerridgeqp@time.com,China,100.0
TNEAGLEQQ,tannie neagle,neagle,tannie,tneagleqq@is.gd,China,100.0
FGUTERSONQR,foss guterson,guterson,foss,fgutersonqr@acquirethisname.com,Czech Republic,100.0
GDAYNTERQS,germain daynter,daynter,germain,gdaynterqs@discovery.com,China,100.0
IDREWEQT,illa drewe,drewe,illa,idreweqt@apple.com,France,100.0
GBYARSQU,gabbey byars,byars,gabbey,gbyarsqu@intel.com,Philippines,100.0
MSLAMAKERQV,melosa slamaker,slamaker,melosa,mslamakerqv@shinystat.com,Lebanon,100.0
FHALLSTONEQW,flossy hallstone,hallstone,flossy,fhallstoneqw@arizona.edu,China,100.0
FWOLOSCHINQX,florie woloschin,woloschin,florie,fwoloschinqx@msn.com,Russia,100.0
CYURASOVQY,cecelia yurasov,yurasov,cecelia,cyurasovqy@craigslist.org,Sweden,100.0
MWRANGLEQZ,morna wrangle,wrangle,morna,mwrangleqz@stanford.edu,Portugal,100.0
JSILVERMANNR0,jerrie silvermann,silvermann,jerrie,jsilvermannr0@unc.edu,Russia,100.0
AHAMBROOKR1,aggi hambrook,hambrook,aggi,ahambrookr1@last.fm,Portugal,100.0
MSYNER2,mordecai syne,syne,mordecai,msyner2@rediff.com,Mexico,100.0
JMCFADDENR3,jim mcfadden,mcfadden,jim,jmcfaddenr3@prweb.com,Colombia,100.0
SBOORNR4,shem boorn,boorn,shem,sboornr4@dmoz.org,Afghanistan,100.0
ABANSALR5,anita bansal,bansal,anita,abansalr5@mozilla.com,Sweden,100.0
CLAWLANDR6,carlin lawland,lawland,carlin,clawlandr6@technorati.com,Indonesia,100.0
IEPPLER7,isidoro epple,epple,isidoro,ieppler7@businesswire.com,Jordan,100.0
PGRISHMANOVR8,paloma grishmanov,grishmanov,paloma,pgrishmanovr8@usatoday.com,Brazil,100.0
BDILLAWAYR9,brigitta dillaway,dillaway,brigitta,bdillawayr9@artisteer.com,France,100.0
KROGETRA,kacey roget,roget,kacey,krogetra@ask.com,Slovenia,100.0
HMENDESRB,harmony mendes,mendes,harmony,hmendesrb@icq.com,South Africa,100.0
LSKERRETTRC,leoline skerrett,skerrett,leoline,lskerrettrc@chicagotribune.com,Albania,100.0
ATHURBERRD,aldwin thurber,thurber,aldwin,athurberrd@seesaa.net,Japan,100.0
DMACMENAMIERE,donall macmenamie,macmenamie,donall,dmacmenamiere@wsj.com,Brazil,100.0
KSTERTRF,kain stert,stert,kain,kstertrf@hatena.ne.jp,Indonesia,100.0
MSYMERG,minette syme,syme,minette,msymerg@unc.edu,Poland,100.0
GNICKOLLRH,gabrielle nickoll,nickoll,gabrielle,gnickollrh@shareasale.com,Philippines,100.0
FABELLSRI,far abells,abells,far,fabellsri@ow.ly,Mongolia,100.0
WBALDETTIRJ,waylon baldetti,baldetti,waylon,wbaldettirj@eepurl.com,Indonesia,100.0
CDUMPHRIESRK,carita dumphries,dumphries,carita,cdumphriesrk@arizona.edu,Malaysia,100.0
BTESTORL,briggs testo,testo,briggs,btestorl@techcrunch.com,Poland,100.0
JPINCHBACKRM,job pinchback,pinchback,job,jpinchbackrm@cyberchimps.com,Ukraine,100.0
FELDERIDGERN,fifine elderidge,elderidge,fifine,felderidgern@opensource.org,Brazil,100.0
HKEYSONRO,heath keyson,keyson,heath,hkeysonro@blogtalkradio.com,Ukraine,100.0
BRICHINRP,burlie richin,richin,burlie,brichinrp@amazon.co.jp,Croatia,100.0
IGARTSHORERQ,idalina gartshore,gartshore,idalina,igartshorerq@slate.com,China,100.0
HHALLORANRR,henderson halloran,halloran,henderson,hhalloranrr@intel.com,China,100.0
